,Rank,Player Name,Team,Blocks,Errors,Rebounds,Average per match,Efficiency %,Total,Year
0,1,Podraščanin,SRB,44,66,51,2.93,-13.66,161,2021
1,2,Krsmanović,SRB,32,63,52,2.13,-21.09,147,2021
2,3,Seyed,IRI,30,50,28,2.14,-18.52,108,2021
3,4,Le Goff,FRA,28,34,46,1.65,-5.56,108,2021
4,4,Krick,GER,28,43,53,2.00,-12.10,124,2021
5,4,Volvich,RUS,28,46,38,1.87,-16.07,112,2021
6,4,Cortesia,ITA,28,49,36,2.00,-18.58,113,2021
7,5,Kozamernik,SLO,27,56,53,1.69,-21.32,136,2021
8,5,Vlasov,RUS,27,53,30,1.80,-23.64,110,2021
9,6,Chinenyeze,FRA,23,67,45,1.35,-32.59,135,2021
10,7,Bieniek,POL,22,30,46,1.69,-8.16,98,2021
11,8,Kurkaev,RUS,21,34,29,1.40,-15.48,84,2021
12,8,Mosca,ITA,21,34,36,1.50,-14.29,91,2021
13,8,Isac,BRA,21,34,28,1.31,-15.66,83,2021
14,8,Nowakowski,POL,21,34,29,1.75,-15.48,84,2021
15,9,Krage,GER,20,53,14,1.54,-37.93,87,2021
16,9,Pajenk,SLO,20,40,54,1.18,-17.54,114,2021
17,9,Szwarc,CAN,20,34,32,1.33,-16.28,86,2021
18,9,Van Berkel,CAN,20,38,24,1.43,-21.95,82,2021
19,10,Čebulj,SLO,19,32,25,1.12,-17.11,76,2021
20,10,Michieletto,ITA,19,15,18,1.27,7.69,52,2021
21,10,M. Souza,BRA,19,39,32,1.46,-22.22,90,2021
22,11,Mote,AUS,18,42,38,1.29,-24.49,98,2021
23,11,Defalco,USA,18,26,13,1.20,-14.04,57,2021
24,11,Conte,ARG,18,27,11,1.20,-16.07,56,2021
25,11,Ramos,ARG,18,42,17,1.20,-31.17,77,2021
26,12,Brizard,FRA,17,19,21,1.06,-3.51,57,2021
27,12,M.Gholami,IRI,17,32,23,1.13,-20.83,72,2021
28,12,Mikhaylov,RUS,17,29,20,1.21,-18.18,66,2021
29,13,Mojarad,IRI,16,21,10,1.45,-10.64,47,2021
30,13,Kovačević,SRB,16,28,18,1.60,-19.35,62,2021
31,13,Parkinson,NED,16,37,22,1.23,-28.00,75,2021
32,13,Vernon,CAN,16,26,13,1.07,-18.18,55,2021
33,13,Loser Bruno,ARG,16,46,33,1.33,-31.58,95,2021
34,14,Clevenot,FRA,15,21,13,1.07,-12.24,49,2021
35,14,T. Štern,SLO,15,48,16,1.00,-41.77,79,2021
36,14,Holt,USA,15,20,16,1.25,-9.80,51,2021
37,14,Sole,ITA,15,35,42,1.36,-21.74,92,2021
38,14,Stahl,USA,15,21,31,1.15,-8.96,67,2021
39,15,Weber,GER,14,23,19,1.08,-16.07,56,2021
40,15,O'Dea,AUS,14,38,32,0.93,-28.57,84,2021
41,15,Salehi,IRI,14,27,13,0.93,-24.07,54,2021
42,15,Ensing,USA,14,20,23,1.00,-10.53,57,2021
43,16,Dosanjh,AUS,13,29,14,0.87,-28.57,56,2021
44,16,Smith,AUS,13,28,11,1.08,-28.85,52,2021
45,16,Onodera,JPN,13,32,15,1.00,-31.67,60,2021
46,16,Kurek,POL,13,21,23,1.18,-14.04,57,2021
47,16,Kłos,POL,13,21,26,1.18,-13.33,60,2021
48,16,Recine,ITA,13,22,12,0.87,-19.15,47,2021
49,16,Kaczmarek,POL,13,14,8,1.08,-2.86,35,2021
50,17,Parapunov,BUL,12,16,19,0.80,-8.51,47,2021
51,17,Yamauchi,JPN,12,30,13,0.80,-32.73,55,2021
52,17,Ivović,SRB,12,35,22,0.80,-33.33,69,2021
53,17,Kliuka,RUS,12,37,14,0.86,-39.68,63,2021
54,17,Perrin,CAN,12,24,21,0.92,-21.05,57,2021
55,17,Kochanowski,POL,12,29,19,1.00,-28.33,60,2021
56,17,Lucarelli,BRA,12,21,24,0.80,-15.79,57,2021
57,17,Pereyra L.,ARG,12,21,13,0.80,-19.57,46,2021
58,18,Bultor,FRA,11,29,23,0.65,-28.57,63,2021
59,18,Ishikawa,JPN,11,30,21,0.79,-30.65,62,2021
60,18,Milad,IRI,11,22,6,0.85,-28.21,39,2021
61,18,Ropret,SLO,11,30,26,0.65,-28.36,67,2021
62,18,Semeniuk,POL,11,12,9,0.85,-3.12,32,2021
63,18,Galassi,ITA,11,15,12,1.38,-10.53,38,2021
64,18,Leal,BRA,11,22,17,0.73,-22.00,50,2021
65,19,Boyer,FRA,10,17,17,0.67,-15.91,44,2021
66,19,Kolev,BUL,10,47,26,0.67,-44.58,83,2021
67,19,Seganov,BUL,10,17,16,0.67,-16.28,43,2021
68,19,Kartev,BUL,10,34,16,0.77,-40.00,60,2021
69,19,Kazemi,IRI,10,29,11,0.71,-38.00,50,2021
70,19,Nimir,NED,10,33,21,0.83,-35.94,64,2021
71,19,Volkov,RUS,10,15,13,0.71,-13.16,38,2021
72,19,Jansen Vandoorn,CAN,10,22,18,0.67,-24.00,50,2021
73,19,Spirito,ITA,10,5,16,0.67,16.13,31,2021
74,19,Bottolo,ITA,10,14,13,0.67,-10.81,37,2021
75,19,Wallace,BRA,10,24,25,0.59,-23.73,59,2021
76,19,Flavio,BRA,10,39,32,0.59,-35.80,81,2021
77,19,Andringa,NED,10,18,16,0.71,-18.18,44,2021
78,19,Jendryk,USA,10,11,12,0.77,-3.03,33,2021
79,20,Tillie,FRA,9,14,13,0.56,-13.89,36,2021
80,20,Chavdarov,BUL,9,29,22,0.69,-33.33,60,2021
81,20,Reza,IRI,9,9,6,0.82,0.00,24,2021
82,20,Pankov,RUS,9,19,17,0.60,-22.22,45,2021
83,20,Smith,USA,9,26,25,0.64,-28.33,60,2021
84,20,Hoag,CAN,9,15,18,0.60,-14.29,42,2021
85,20,Leon,POL,9,15,6,0.69,-20.00,30,2021
86,20,Plak,NED,9,28,13,0.69,-38.00,50,2021
87,21,Patry,FRA,8,27,22,0.57,-33.33,57,2021
88,21,Asparuhov,BUL,8,25,21,0.53,-31.48,54,2021
89,21,Hirsch,GER,8,17,12,0.57,-24.32,37,2021
90,21,Zimmermann,GER,8,27,28,0.53,-30.16,63,2021
91,21,Lee,JPN,8,23,35,0.53,-22.73,66,2021
92,21,Jovović,SRB,8,22,15,0.53,-31.11,45,2021
93,21,Perić,SRB,8,6,10,0.53,8.33,24,2021
94,21,Vigrass,CAN,8,20,15,1.00,-27.91,43,2021
95,21,Drzyzga,POL,8,15,15,0.47,-18.42,38,2021
96,21,Douglas,BRA,8,19,13,0.47,-27.50,40,2021
97,21,Vitelli,ITA,8,13,15,0.73,-13.89,36,2021
98,21,Alan,BRA,8,18,12,0.50,-26.32,38,2021
99,21,T. Sander,USA,8,8,5,1.33,0.00,21,2021
100,22,Grozdanov,BUL,7,13,14,2.33,-17.65,34,2021
101,22,Reichert,GER,7,15,10,0.47,-25.00,32,2021
102,22,Luburić,SRB,7,21,16,0.47,-31.82,44,2021
103,22,Urnaut,SLO,7,31,13,0.41,-47.06,51,2021
104,22,Možič,SLO,7,15,8,0.41,-26.67,30,2021
105,22,Bogdan,RUS,7,18,8,0.47,-33.33,33,2021
106,22,Kobzar,RUS,7,34,22,0.47,-42.86,63,2021
107,22,Patch,USA,7,7,3,0.78,0.00,17,2021
108,22,Maar,CAN,7,7,6,0.70,0.00,20,2021
109,22,Muzaj,POL,7,18,20,0.64,-24.44,45,2021
110,22,Bednorz,POL,7,6,2,0.78,6.67,15,2021
111,22,Bruno,BRA,7,26,27,0.41,-31.67,60,2021
112,22,Mendez,ARG,7,8,4,0.47,-5.26,19,2021
113,22,Kubiak,POL,7,21,12,0.58,-35.00,40,2021
114,22,Anderson,USA,7,13,13,0.78,-18.18,33,2021
115,23,Atanasov,BUL,6,13,2,0.40,-33.33,21,2021
116,23,Kentaro,JPN,6,11,4,0.60,-23.81,21,2021
117,23,Otsuka,JPN,6,12,11,0.40,-20.69,29,2021
118,23,Atanasijević,SRB,6,20,27,0.40,-26.42,53,2021
119,23,Van Der Ent,NED,6,26,22,0.55,-37.04,54,2021
120,23,Tuinstra,NED,6,27,13,0.43,-45.65,46,2021
121,23,Wiltenburg,NED,6,22,20,0.43,-33.33,48,2021
122,23,Podlesnykh,RUS,6,14,11,0.43,-25.81,31,2021
123,23,Jaeschke,USA,6,12,10,0.50,-21.43,28,2021
124,23,Sclater,CAN,6,31,25,0.40,-40.32,62,2021
125,23,Sbertoli,ITA,6,28,25,0.40,-37.29,59,2021
126,23,De Cecco,ARG,6,14,14,0.40,-23.53,34,2021
127,23,Marshall,CAN,6,3,3,0.46,25.00,12,2021
128,24,Petrov,BUL,5,16,8,0.33,-37.93,29,2021
129,24,Sokolov,BUL,5,12,3,0.62,-35.00,20,2021
130,24,Kaliberda,GER,5,7,7,0.38,-10.53,19,2021
131,24,Senica,AUS,5,7,6,0.33,-11.11,18,2021
132,24,Shimizu,JPN,5,16,15,0.38,-30.56,36,2021
133,24,Ran,JPN,5,16,6,0.33,-40.74,27,2021
134,24,Esfandiar,IRI,5,17,13,0.36,-34.29,35,2021
135,24,Ter Horst,NED,5,18,8,0.45,-41.94,31,2021
136,24,K. Shoji,USA,5,9,9,0.38,-17.39,23,2021
137,24,Christenson,USA,5,26,19,0.42,-42.00,50,2021
138,24,Huber,POL,5,13,5,0.42,-34.78,23,2021
139,24,Nelli,ITA,5,25,25,0.38,-36.36,55,2021
140,24,Pinali,ITA,5,31,19,0.33,-47.27,55,2021
141,24,Uriarte,ARG,5,3,8,0.50,12.50,16,2021
142,24,Ngapeth,FRA,5,26,8,0.42,-53.85,39,2021
143,24,Keemink,NED,5,15,6,0.50,-38.46,26,2021
144,24,Muserskiy,RUS,5,7,13,0.71,-8.00,25,2021
145,24,Nishida,JPN,5,5,4,1.00,0.00,14,2021
146,25,Louati,FRA,4,14,4,0.31,-45.45,22,2021
147,25,Böhme,GER,4,27,9,0.31,-57.50,40,2021
148,25,Baxpöhler,GER,4,11,8,0.40,-30.43,23,2021
149,25,Weir,AUS,4,14,5,0.27,-43.48,23,2021
150,25,van Zeist,NED,4,5,13,0.33,-4.55,22,2021
151,25,De Weijer,NED,4,14,11,0.36,-34.48,29,2021
152,25,Muagututia,USA,4,15,12,0.27,-35.48,31,2021
153,25,Averill,USA,4,7,3,0.57,-21.43,14,2021
154,25,S.Ivanov,BUL,4,7,3,0.36,-21.43,14,2021
155,25,Faure,FRA,4,8,11,0.80,-17.39,23,2021
156,25,Javad,IRI,4,1,2,0.67,42.86,7,2021
157,26,Toniutti,FRA,3,14,14,0.20,-35.48,31,2021
158,26,Schott,GER,3,33,16,0.20,-57.69,52,2021
159,26,Taylor,AUS,3,3,3,0.20,0.00,9,2021
160,26,A.Ghafour,IRI,3,4,4,0.60,-9.09,11,2021
161,26,A. Shafiei,IRI,3,6,7,0.50,-18.75,16,2021
162,26,Vadi,IRI,3,5,3,0.33,-18.18,11,2021
163,26,Simic,SRB,3,9,3,0.25,-40.00,15,2021
164,26,Štalekar,SLO,3,2,6,0.27,9.09,11,2021
165,26,Blankenau,CAN,3,13,8,0.21,-41.67,24,2021
166,26,Walsh,CAN,3,4,5,0.30,-8.33,12,2021
167,26,Łomacz,POL,3,9,10,0.18,-27.27,22,2021
168,26,Mauricio,BRA,3,4,10,0.18,-5.88,17,2021
169,26,Otake,JPN,3,5,12,0.50,-10.00,20,2021
170,26,Poglajen,ARG,3,13,16,0.27,-31.25,32,2021
171,26,TJ,CAN,3,11,9,0.38,-34.78,23,2021
172,26,Azeez,AUS,3,9,5,0.25,-35.29,17,2021
173,26,V.Stankov,BUL,3,12,9,0.30,-37.50,24,2021
174,26,Nicolas,ARG,3,2,0,0.60,20.00,5,2021
175,26,Lucas,BRA,3,16,11,0.60,-43.33,30,2021
176,27,Gueye,FRA,2,6,2,0.12,-40.00,10,2021
177,27,Karyagin,BUL,2,9,9,0.13,-35.00,20,2021
178,27,Fromm,GER,2,12,9,0.13,-43.48,23,2021
179,27,Graham,AUS,2,28,16,0.13,-56.52,46,2021
180,27,Garrett,AUS,2,25,7,0.17,-67.65,34,2021
181,27,Fujii,JPN,2,8,4,0.22,-42.86,14,2021
182,27,Sekita,JPN,2,13,10,0.14,-44.00,25,2021
183,27,Takanashi,JPN,2,8,6,0.14,-37.50,16,2021
184,27,Gasparini,SLO,2,1,1,0.12,25.00,4,2021
185,27,Vinčić,SLO,2,3,2,0.14,-14.29,7,2021
186,27,Z. Štern,SLO,2,4,2,0.12,-25.00,8,2021
187,27,van Schie,NED,2,3,2,0.17,-14.29,7,2021
188,27,van Tilburg,NED,2,17,8,0.13,-55.56,27,2021
189,27,Poletaev,RUS,2,13,10,0.13,-44.00,25,2021
190,27,B. Sander,USA,2,4,2,0.18,-25.00,8,2021
191,27,Loeppky,CAN,2,17,8,0.14,-55.56,27,2021
192,27,Fornal,POL,2,6,4,0.17,-33.33,12,2021
193,27,Cavuto,ITA,2,9,6,0.13,-41.18,17,2021
194,27,Fernando,BRA,2,11,4,0.12,-52.94,17,2021
195,27,Martinez Franchi,ARG,2,11,2,0.17,-60.00,15,2021
196,27,Morteza,IRI,2,7,4,0.18,-38.46,13,2021
197,27,Saadat,IRI,2,16,8,0.14,-53.85,26,2021
198,27,Śliwka,POL,2,6,6,0.13,-28.57,14,2021
199,27,Kujundžić,SRB,2,6,6,0.14,-28.57,14,2021
200,27,Šket,SLO,2,8,14,0.12,-25.00,24,2021
201,27,Palacios,ARG,2,2,4,0.18,0.00,8,2021
202,27,Crer,ARG,2,2,2,0.67,0.00,6,2021
203,27,Lima B.,ARG,2,19,14,0.29,-48.57,35,2021
204,28,Lyneel,FRA,1,1,0,0.14,0.00,2,2021
205,28,Sossenheimer,GER,1,5,6,0.08,-33.33,12,2021
206,28,Butler,AUS,1,1,0,0.07,0.00,2,2021
207,28,Kovač,SRB,1,2,2,0.07,-20.00,5,2021
208,28,Van Solkema,NED,1,4,1,0.08,-50.00,6,2021
209,28,Semyshev,RUS,1,2,1,0.12,-25.00,4,2021
210,28,Matheus,BRA,1,2,3,0.20,-16.67,6,2021
211,28,Vaccari,BRA,1,2,1,0.10,-25.00,4,2021
212,28,Palonsky,ARG,1,2,0,0.08,-33.33,3,2021
213,28,Meyer,FRA,1,1,1,0.33,0.00,3,2021
214,28,Todorović,SRB,1,7,10,0.08,-33.33,18,2021
215,28,Pernuš,SLO,1,0,0,0.25,100.00,1,2021
216,28,Lyutskanov,BUL,1,6,0,0.11,-71.43,7,2021
217,29,Rossard T,FRA,0,6,3,0.00,-66.67,9,2021
218,29,Diez,FRA,0,0,0,,,0,2021
219,29,Stankov,BUL,0,1,0,0.00,-100.00,1,2021
220,29,V. Ivanov,BUL,0,0,0,,,0,2021
221,29,M. Ivanov,BUL,0,0,0,,,0,2021
222,29,Zenger,GER,0,0,0,,,0,2021
223,29,Burggräf,GER,0,0,0,,,0,2021
224,29,Perry,AUS,0,0,0,,,0,2021
225,29,Aubrey,AUS,0,3,0,0.00,-100.00,3,2021
226,29,Flowerday,AUS,0,0,0,,,0,2021
227,29,Greber,AUS,0,0,0,,,0,2021
228,29,Fukuzawa,JPN,0,6,4,0.00,-60.00,10,2021
229,29,Yamamoto,JPN,0,0,0,,,0,2021
230,29,Ogawa,JPN,0,0,0,,,0,2021
231,29,P. Fayazi,IRI,0,2,3,0.00,-40.00,5,2021
232,29,Hazrat,IRI,0,0,0,,,0,2021
233,29,Arman,IRI,0,0,0,,,0,2021
234,29,Kapur,SRB,0,0,0,,,0,2021
235,29,Pekovic,SRB,0,0,0,,,0,2021
236,29,Batak,SRB,0,0,0,,,0,2021
237,29,Lisinac,SRB,0,2,0,0.00,-100.00,2,2021
238,29,Klobucar,SLO,0,0,0,,,0,2021
239,29,Kovačič,SLO,0,0,0,,,0,2021
240,29,Videčnik,SLO,0,2,6,0.00,-25.00,8,2021
241,29,Dronkers,NED,0,0,0,,,0,2021
242,29,Jorna,NED,0,2,3,0.00,-40.00,5,2021
243,29,Ottevanger,NED,0,0,0,,,0,2021
244,29,Baranov,RUS,0,0,0,,,0,2021
245,29,Golubev,RUS,0,0,0,,,0,2021
246,29,Hanes,USA,0,1,0,0.00,-100.00,1,2021
247,29,Watten,USA,0,0,0,,,0,2021
248,29,E. Shoji,USA,0,0,0,,,0,2021
249,29,Pereira,CAN,0,0,0,,,0,2021
250,29,Bann,CAN,0,0,0,,,0,2021
251,29,Demyanenko,CAN,0,1,3,0.00,-25.00,4,2021
252,29,Wojtaszek,POL,0,0,0,,,0,2021
253,29,Zatorski,POL,0,0,0,,,0,2021
254,29,Balaso,ITA,0,0,0,,,0,2021
255,29,Scanferla,ITA,0,0,0,,,0,2021
256,29,Federici,ITA,0,0,0,,,0,2021
257,29,Maique,BRA,0,0,0,,,0,2021
258,29,Thales,BRA,0,0,0,,,0,2021
259,29,Roque,BRA,0,1,0,0.00,-100.00,1,2021
260,29,Macdonald,AUS,0,1,0,0.00,-100.00,1,2021
261,29,Janusz,POL,0,0,0,,,0,2021
262,29,Vucicevic,SRB,0,0,0,,,0,2021
263,29,Gardini,ITA,0,0,1,0.00,0.00,1,2021
264,29,S. Marouf,IRI,0,11,14,0.00,-44.00,25,2021
265,29,Röhrs,GER,0,2,1,0.00,-66.67,3,2021
266,29,Oya,JPN,0,5,5,0.00,-50.00,10,2021
267,29,Tuaniga,USA,0,3,2,0.00,-60.00,5,2021
268,29,Massimino,ARG,0,0,0,,,0,2021
269,29,Grebennikov,FRA,0,0,0,,,0,2021
270,29,Sanchez Pages,ARG,0,1,0,0.00,-100.00,1,2021
271,29,Maase,GER,0,2,2,0.00,-50.00,4,2021
272,29,Danani,ARG,0,0,0,,,0,2021
273,29,Douglas-Powell,AUS,0,0,0,,,0,2021
274,29,Komenda,POL,0,0,0,,,0,2021
275,29,João Rafael,BRA,0,0,0,,,0,2021
276,29,Iakovlev,RUS,0,0,0,,,0,2021
277,1,Gotsev,BUL,35,38,19,2.92,-3.26,92,2022
278,2,Smith,USA,32,47,63,2.13,-10.56,142,2022
279,3,Flavio,BRA,29,41,59,2.23,-9.30,129,2022
280,4,Loser Bruno,ARG,26,70,53,2.17,-29.53,149,2022
281,5,Giannelli,ITA,23,40,23,1.53,-19.77,86,2022
282,6,Kozamernik,SLO,22,36,30,1.83,-15.91,88,2022
283,7,Li Y.Z.,CHN,21,47,17,2.10,-30.59,85,2022
284,7,Jendryk,USA,21,70,62,1.40,-32.03,153,2022
285,7,Kłos,POL,21,21,15,1.40,0.00,57,2022
286,7,Galassi,ITA,21,45,33,1.40,-24.24,99,2022
287,8,Jelveh,IRI,20,34,21,1.54,-18.67,75,2022
288,8,Chinenyeze,FRA,20,35,47,1.43,-14.71,102,2022
289,8,Anzani,ITA,20,29,26,1.82,-12.00,75,2022
290,9,Plak,NED,19,48,30,1.46,-29.90,97,2022
291,9,Wiltenburg,NED,19,33,36,1.46,-15.91,88,2022
292,9,Kochanowski,POL,19,32,36,1.27,-14.94,87,2022
293,10,Maase,GER,18,51,31,2.00,-33.00,100,2022
294,10,Le Goff,FRA,18,28,21,1.80,-14.93,67,2022
295,11,Krick,GER,17,35,30,1.55,-21.95,82,2022
296,12,Peng S.K.,CHN,16,31,15,1.78,-24.19,62,2022
297,12,Kolev,BUL,16,32,21,1.33,-23.19,69,2022
298,13,Možič,SLO,15,22,17,1.25,-12.96,54,2022
299,13,Fromm,GER,15,18,18,1.36,-5.88,51,2022
300,13,Gallego,ARG,15,18,17,1.25,-6.00,50,2022
301,14,Milad,IRI,14,20,4,1.08,-15.79,38,2022
302,14,Esfandiar,IRI,14,23,21,1.08,-15.52,58,2022
303,14,Russell,USA,14,38,24,0.93,-31.58,76,2022
304,14,Lavia,ITA,14,29,9,1.27,-28.85,52,2022
305,15,A. Nikolov,BUL,13,32,12,1.08,-33.33,57,2022
306,15,Howe,CAN,13,43,23,1.08,-37.97,79,2022
307,15,Ishikawa,JPN,13,29,16,1.08,-27.59,58,2022
308,15,Graham,AUS,13,27,32,1.08,-19.44,72,2022
309,16,Amin,IRI,12,30,19,0.92,-29.51,61,2022
310,16,Pajenk,SLO,12,20,26,1.00,-13.79,58,2022
311,16,Parapunov,BUL,12,26,22,1.00,-23.33,60,2022
312,16,Eshenko,CAN,12,34,20,1.00,-33.33,66,2022
313,16,Lima B.,ARG,12,37,20,1.00,-36.23,69,2022
314,16,Romanò,ITA,12,30,17,0.80,-30.51,59,2022
315,17,Perić,SRB,11,17,15,0.92,-13.95,43,2022
316,17,Mašulović N.,SRB,11,35,40,0.92,-27.91,86,2022
317,17,Lucas,BRA,11,26,18,1.38,-27.27,55,2022
318,17,Pope,AUS,11,18,13,0.92,-16.67,42,2022
319,17,Kentaro,JPN,11,16,28,1.22,-9.09,55,2022
320,17,Christenson,USA,11,15,18,1.57,-9.09,44,2022
321,18,Sclater,CAN,10,18,28,0.83,-14.29,56,2022
322,18,Krage,GER,10,33,22,0.91,-35.38,65,2022
323,18,Weber,GER,10,21,22,1.25,-20.75,53,2022
324,18,Nishida,JPN,10,35,18,0.77,-39.68,63,2022
325,18,Yamauchi,JPN,10,47,39,0.77,-38.54,96,2022
326,18,Nimir,NED,10,24,20,0.77,-25.93,54,2022
327,18,Isac,BRA,10,31,33,0.77,-28.38,74,2022
328,18,Weir,AUS,10,18,28,1.25,-14.29,56,2022
329,18,Patry,FRA,10,18,18,0.71,-17.39,46,2022
330,18,Michieletto,ITA,10,22,12,0.91,-27.27,44,2022
331,18,Kurek,POL,10,8,15,0.91,6.06,33,2022
332,18,Russo,ITA,10,26,4,1.43,-40.00,40,2022
333,19,Yu Y.C.,CHN,9,19,11,0.90,-25.64,39,2022
334,19,Maar,CAN,9,37,18,0.75,-43.75,64,2022
335,19,Onodera,JPN,9,29,27,0.69,-30.77,65,2022
336,19,Alan,BRA,9,20,15,1.29,-25.00,44,2022
337,19,Palacios,ARG,9,41,43,0.75,-34.41,93,2022
338,19,Brizard,FRA,9,12,24,0.82,-6.67,45,2022
339,19,Boyer,FRA,9,15,13,0.64,-16.22,37,2022
340,19,Jouffroy,FRA,9,18,35,0.64,-14.52,62,2022
341,19,Semeniuk,POL,9,19,7,0.82,-28.57,35,2022
342,19,Bieniek,POL,9,33,25,0.82,-35.82,67,2022
343,19,Defalco,USA,9,31,29,0.82,-31.88,69,2022
344,20,Jiang Z.Y.,CHN,8,8,5,0.80,0.00,21,2022
345,20,Toukhteh,IRI,8,41,15,0.62,-51.56,64,2022
346,20,Ensing,USA,8,37,41,0.53,-33.72,86,2022
347,20,Seganov,BUL,8,20,16,0.67,-27.27,44,2022
348,20,Grozdanov,BUL,8,20,28,2.00,-21.43,56,2022
349,20,Tuinstra,NED,8,26,12,0.62,-39.13,46,2022
350,20,O'Dea,AUS,8,19,16,0.67,-25.58,43,2022
351,20,Zerba,ARG,8,31,50,0.67,-25.84,89,2022
352,20,Ngapeth,FRA,8,28,6,0.57,-47.62,42,2022
353,20,Louati,FRA,8,28,23,0.57,-33.90,59,2022
354,20,Podraščanin,SRB,8,20,4,1.00,-37.50,32,2022
355,20,Lisinac,SRB,8,24,6,1.00,-42.11,38,2022
356,21,T. Štern,SLO,7,23,9,0.70,-41.03,39,2022
357,21,Atanasov,BUL,7,25,6,0.58,-47.37,38,2022
358,21,Nedeljković,SRB,7,21,20,1.75,-29.17,48,2022
359,21,Ter Horst,NED,7,12,10,0.58,-17.24,29,2022
360,21,Fornal,POL,7,12,22,0.47,-12.20,41,2022
361,21,Armoa Morel,ARG,7,8,3,0.58,-5.56,18,2022
362,22,Yu Y.T.,CHN,6,13,3,0.60,-31.82,22,2022
363,22,Zhang G.H.,CHN,6,9,6,0.60,-14.29,21,2022
364,22,Vadi,IRI,6,22,10,0.46,-42.11,38,2022
365,22,Asparuhov,BUL,6,12,5,0.50,-26.09,23,2022
366,22,Kujundžić,SRB,6,16,4,0.50,-38.46,26,2022
367,22,Rodriguinho,BRA,6,10,9,0.46,-16.00,25,2022
368,22,Dosanjh,AUS,6,19,16,0.50,-31.71,41,2022
369,22,Vicentin,ARG,6,16,14,0.50,-27.78,36,2022
370,22,Ramos,ARG,6,11,20,0.50,-13.51,37,2022
371,22,Leal,BRA,6,30,9,0.67,-53.33,45,2022
372,22,Lucarelli,BRA,6,12,14,0.67,-18.75,32,2022
373,23,Zhang J.Y.,CHN,5,33,10,0.50,-58.33,48,2022
374,23,Ropret,SLO,5,14,8,0.42,-33.33,27,2022
375,23,Jaeschke,USA,5,6,4,0.62,-6.67,15,2022
376,23,Walsh,CAN,5,11,14,0.62,-20.00,30,2022
377,23,Van Berkel,CAN,5,37,27,0.42,-46.38,69,2022
378,23,Reichert,GER,5,15,10,0.45,-33.33,30,2022
379,23,Keemink,NED,5,21,19,0.38,-35.56,45,2022
380,23,Van Garderen,NED,5,11,3,0.56,-31.58,19,2022
381,23,Van Der Ent,NED,5,16,9,0.38,-36.67,30,2022
382,23,Bottolo,ITA,5,13,11,0.33,-27.59,29,2022
383,23,Mosca,ITA,5,5,10,0.83,0.00,20,2022
384,23,Stahl,USA,5,13,11,0.45,-27.59,29,2022
385,24,Koncilja,SLO,4,12,11,0.33,-29.63,27,2022
386,24,Brand,GER,4,17,14,0.36,-37.14,35,2022
387,24,Jorna,NED,4,11,5,0.31,-35.00,20,2022
388,24,Heptinstall,AUS,4,11,11,0.33,-26.92,26,2022
389,24,Butryn,POL,4,10,5,0.36,-31.58,19,2022
390,24,Poręba,POL,4,14,11,0.50,-34.48,29,2022
391,24,Henry,FRA,4,12,19,0.29,-22.86,35,2022
392,24,Staples,AUS,4,8,1,1.00,-30.77,13,2022
393,24,Loeppky,CAN,4,9,4,0.50,-29.41,17,2022
394,24,Darlan,BRA,4,15,24,0.44,-25.58,43,2022
395,24,Śliwka,POL,4,12,8,0.36,-33.33,24,2022
396,24,Janusz,POL,4,16,11,0.36,-38.71,31,2022
397,24,Clevenot,FRA,4,14,19,0.40,-27.03,37,2022
398,24,Murch,AUS,4,5,4,1.00,-7.69,13,2022
399,25,Morteza,IRI,3,9,4,0.23,-37.50,16,2022
400,25,Z. Štern,SLO,3,5,8,0.25,-12.50,16,2022
401,25,Tuaniga,USA,3,20,25,0.20,-35.42,48,2022
402,25,Chavdarov,BUL,3,8,9,0.25,-25.00,20,2022
403,25,Jovović,SRB,3,16,18,0.25,-35.14,37,2022
404,25,Tille,GER,3,7,1,0.43,-36.36,11,2022
405,25,Schulz,GER,3,4,5,0.38,-8.33,12,2022
406,25,Murayama,JPN,3,13,8,0.23,-41.67,24,2022
407,25,Bruno,BRA,3,25,24,0.23,-42.31,52,2022
408,25,Recine,ITA,3,12,5,0.43,-45.00,20,2022
409,25,Urnaut,SLO,3,9,5,0.38,-35.29,17,2022
410,25,Takanashi,JPN,3,10,8,0.33,-33.33,21,2022
411,25,Kaczmarek,POL,3,5,4,0.27,-16.67,12,2022
412,25,De Cecco,ARG,3,12,12,0.75,-33.33,27,2022
413,25,Čebulj,SLO,3,10,1,0.75,-50.00,14,2022
414,26,Reza,IRI,2,7,4,0.67,-38.46,13,2022
415,26,Gasparini,SLO,2,4,2,0.25,-25.00,8,2022
416,26,Bošnjak,SLO,2,1,2,0.25,20.00,5,2022
417,26,Shaw,USA,2,2,1,0.25,0.00,5,2022
418,26,Hanes,USA,2,7,7,0.25,-31.25,16,2022
419,26,Mitchem,USA,2,10,4,0.13,-50.00,16,2022
420,26,Katic,SRB,2,5,7,0.17,-21.43,14,2022
421,26,Petkovic,SRB,2,5,10,0.50,-17.65,17,2022
422,26,Hoag,CAN,2,4,4,0.22,-20.00,10,2022
423,26,M. Elser,CAN,2,5,4,0.17,-27.27,11,2022
424,26,Miyaura,JPN,2,5,11,0.22,-16.67,18,2022
425,26,Parkinson,NED,2,13,6,0.15,-52.38,21,2022
426,26,Adriano,BRA,2,12,4,0.15,-55.56,18,2022
427,26,Hazelden,AUS,2,7,6,0.25,-33.33,15,2022
428,26,Muzaj,POL,2,4,5,0.50,-18.18,11,2022
429,26,Kwolek,POL,2,10,7,0.25,-42.11,19,2022
430,26,Firlej,POL,2,11,7,0.25,-45.00,20,2022
431,26,Sanchez Pages,ARG,2,11,9,0.17,-40.91,22,2022
432,26,Giraudo,ARG,2,2,4,0.25,0.00,8,2022
433,26,Cortesia,ITA,2,10,4,0.18,-50.00,16,2022
434,26,Vitelli,ITA,2,11,10,0.50,-39.13,23,2022
435,26,Amir Reza,IRI,2,6,4,0.22,-33.33,12,2022
436,26,Zaytsev,ITA,2,8,1,0.29,-54.55,11,2022
437,26,Vucicevic,SRB,2,2,0,0.50,0.00,4,2022
438,27,Wang H.B.,CHN,1,2,4,0.10,-14.29,7,2022
439,27,Esi,IRI,1,1,1,0.12,0.00,3,2022
440,27,Klobucar,SLO,1,1,2,0.12,0.00,4,2022
441,27,Videčnik,SLO,1,1,3,0.12,0.00,5,2022
442,27,Karyagin,BUL,1,4,4,0.08,-33.33,9,2022
443,27,S.Ivanov,BUL,1,2,2,0.08,-20.00,5,2022
444,27,Nikolic,SRB,1,3,3,0.25,-28.57,7,2022
445,27,Marinovic,SRB,1,3,9,0.25,-15.38,13,2022
446,27,Meljanac,SRB,1,5,3,0.12,-44.44,9,2022
447,27,Wilson,CAN,1,3,2,0.12,-33.33,6,2022
448,27,Hofer,CAN,1,7,4,0.08,-50.00,12,2022
449,27,Zimmermann,GER,1,21,15,0.09,-54.05,37,2022
450,27,Otsuka,JPN,1,12,11,0.08,-45.83,24,2022
451,27,Sekita,JPN,1,13,27,0.08,-29.27,41,2022
452,27,Ran,JPN,1,17,14,0.08,-50.00,32,2022
453,27,Eiro,JPN,1,2,8,0.25,-9.09,11,2022
454,27,van Tilburg,NED,1,4,3,0.08,-37.50,8,2022
455,27,Van Solkema,NED,1,1,5,0.12,0.00,7,2022
456,27,Leandro,BRA,1,2,0,0.08,-33.33,3,2022
457,27,Senica,AUS,1,8,4,0.08,-53.85,13,2022
458,27,Garrett,AUS,1,5,6,0.08,-33.33,12,2022
459,27,Kozub,POL,1,1,3,0.25,0.00,5,2022
460,27,Palonsky,ARG,1,14,10,0.08,-52.00,25,2022
461,27,Corre,FRA,1,1,5,0.14,0.00,7,2022
462,27,Pinali,ITA,1,7,6,0.12,-42.86,14,2022
463,27,Vinčić,SLO,1,5,2,0.12,-50.00,8,2022
464,27,Štalekar,SLO,1,5,5,0.25,-36.36,11,2022
465,27,Oya,JPN,1,2,13,0.11,-6.25,16,2022
466,27,Epp,CAN,1,6,7,0.17,-35.71,14,2022
467,27,Sbertoli,ITA,1,5,1,0.09,-57.14,7,2022
468,27,Petric,SRB,1,0,0,0.12,100.00,1,2022
469,27,Krsmanović,SRB,1,12,5,0.12,-61.11,18,2022
470,27,Atanasijević,SRB,1,10,7,0.12,-50.00,18,2022
471,27,Vulikic,SRB,1,0,1,0.25,50.00,2,2022
472,27,Toniutti,FRA,1,5,12,0.10,-22.22,18,2022
473,27,Wang J.Y.,CHN,1,2,1,0.17,-25.00,4,2022
474,27,Bednorz,POL,1,1,1,0.14,0.00,3,2022
475,27,Aubrey,AUS,1,5,10,0.25,-25.00,16,2022
476,28,Yang Y.M.,CHN,0,0,0,,,0,2022
477,28,Zhang B.L.,CHN,0,1,0,0.00,-100.00,1,2022
478,28,Yang T.Y.,CHN,0,0,0,,,0,2022
479,28,Liu M.,CHN,0,0,0,,,0,2022
480,28,Yuan D.Y.,CHN,0,2,0,0.00,-100.00,2,2022
481,28,Miao R.T.,CHN,0,4,2,0.00,-66.67,6,2022
482,28,Hazrat,IRI,0,0,0,,,0,2022
483,28,M.R.Moazzen,IRI,0,0,0,,,0,2022
484,28,Kazemi,IRI,0,1,1,0.00,-50.00,2,2022
485,28,A. Ramezani,IRI,0,3,2,0.00,-60.00,5,2022
486,28,Mehrab,IRI,0,7,7,0.00,-50.00,14,2022
487,28,Planinšič,SLO,0,0,2,0.00,0.00,2,2022
488,28,Košenina,SLO,0,0,0,,,0,2022
489,28,Kovačič,SLO,0,0,0,,,0,2022
490,28,Pasteur,USA,0,0,0,,,0,2022
491,28,Dagostino,USA,0,0,0,,,0,2022
492,28,Gasman,USA,0,0,0,,,0,2022
493,28,Briggs,USA,0,0,0,,,0,2022
494,28,Kessel,USA,0,4,3,0.00,-57.14,7,2022
495,28,D. Dimitrov,BUL,0,5,2,0.00,-71.43,7,2022
496,28,Valchinov,BUL,0,0,0,,,0,2022
497,28,M. Ivanov,BUL,0,0,0,,,0,2022
498,28,Pekovic,SRB,0,0,0,,,0,2022
499,28,Todorović,SRB,0,4,4,0.00,-50.00,8,2022
500,28,Koprivica,SRB,0,0,0,,,0,2022
501,28,Rudić,SRB,0,0,0,,,0,2022
502,28,Elser,CAN,0,0,0,,,0,2022
503,28,Blankenau,CAN,0,5,8,0.00,-38.46,13,2022
504,28,Barnes,CAN,0,5,1,0.00,-83.33,6,2022
505,28,Lui,CAN,0,0,0,,,0,2022
506,28,Zenger,GER,0,0,0,,,0,2022
507,28,Goralik,GER,0,0,0,,,0,2022
508,28,Ferch,GER,0,0,1,0.00,0.00,1,2022
509,28,Peter,GER,0,0,1,0.00,0.00,1,2022
510,28,Tomita,JPN,0,3,0,0.00,-100.00,3,2022
511,28,Ogawa,JPN,0,0,0,,,0,2022
512,28,Yamamoto,JPN,0,0,0,,,0,2022
513,28,Ottevanger,NED,0,0,0,,,0,2022
514,28,Andringa,NED,0,0,0,,,0,2022
515,28,Franco,BRA,0,2,2,0.00,-50.00,4,2022
516,28,Vaccari,BRA,0,0,1,0.00,0.00,1,2022
517,28,Fernando,BRA,0,3,5,0.00,-37.50,8,2022
518,28,Maique,BRA,0,0,0,,,0,2022
519,28,Thales,BRA,0,0,0,,,0,2022
520,28,Victor,BRA,0,0,0,,,0,2022
521,28,Holland,AUS,0,0,0,,,0,2022
522,28,Perry,AUS,0,0,0,,,0,2022
523,28,McAinsh,AUS,0,0,0,,,0,2022
524,28,Butler,AUS,0,7,7,0.00,-50.00,14,2022
525,28,Flowerday,AUS,0,1,0,0.00,-100.00,1,2022
526,28,Lipinski,POL,0,3,2,0.00,-60.00,5,2022
527,28,Popiwczak,POL,0,0,0,,,0,2022
528,28,Szymura R.,POL,0,4,6,0.00,-40.00,10,2022
529,28,Urbanowicz,POL,0,3,4,0.00,-42.86,7,2022
530,28,Szymura,POL,0,0,0,,,0,2022
531,28,Danani,ARG,0,0,0,,,0,2022
532,28,Nicolas,ARG,0,5,9,0.00,-35.71,14,2022
533,28,Massimino,ARG,0,0,0,,,0,2022
534,28,Mouiel,FRA,0,0,0,,,0,2022
535,28,Tillie,FRA,0,2,0,0.00,-100.00,2,2022
536,28,Diez,FRA,0,0,0,,,0,2022
537,28,Derouillon,FRA,0,2,0,0.00,-100.00,2,2022
538,28,Gueye,FRA,0,0,0,,,0,2022
539,28,Falaschi,ITA,0,0,1,0.00,0.00,1,2022
540,28,Gardini,ITA,0,0,2,0.00,0.00,2,2022
541,28,Gironi,ITA,0,0,0,,,0,2022
542,28,Piccinelli,ITA,0,0,0,,,0,2022
543,28,Scanferla,ITA,0,0,0,,,0,2022
544,28,Saadat,IRI,0,2,0,0.00,-100.00,2,2022
545,28,V. Ivanov,BUL,0,0,0,,,0,2022
546,28,Petkov,BUL,0,0,0,,,0,2022
547,28,Graven,GER,0,0,0,,,0,2022
548,28,Röhrs,GER,0,0,0,,,0,2022
549,28,Ricci,ITA,0,0,0,,,0,2022
550,28,Cavuto,ITA,0,0,0,,,0,2022
551,28,Balaso,ITA,0,0,0,,,0,2022
552,28,Łomacz,POL,0,4,2,0.00,-66.67,6,2022
553,28,Zatorski,POL,0,0,0,,,0,2022
554,28,K. Russell,USA,0,4,5,0.00,-44.44,9,2022
555,28,Muagututia,USA,0,8,4,0.00,-66.67,12,2022
556,28,E. Shoji,USA,0,0,0,,,0,2022
557,28,Cooper,CAN,0,4,4,0.00,-50.00,8,2022
558,28,Dervisaj,GER,0,1,0,0.00,-100.00,1,2022
559,28,Gholipour,IRI,0,0,0,,,0,2022
560,28,Daneshdoust,IRI,0,0,0,,,0,2022
561,28,Fazel,IRI,0,0,0,,,0,2022
562,28,Leonardo,BRA,0,0,0,,,0,2022
563,28,Honorato,BRA,0,0,0,,,0,2022
564,28,Phillips,AUS,0,0,0,,,0,2022
565,28,Bleeker,NED,0,0,0,,,0,2022
566,28,De Weijer,NED,0,2,0,0.00,-100.00,2,2022
567,28,Grebennikov,FRA,0,0,0,,,0,2022
568,1,Loser Bruno,ARG,53,62,48,4.08,-5.52,163,2023
569,2,Seyed,IRI,35,55,38,2.92,-15.62,128,2023
570,3,Concepcion,CUB,29,61,49,2.42,-23.02,139,2023
571,3,Krsmanović,SRB,29,41,28,2.42,-12.24,98,2023
572,3,Nedeljković,SRB,29,43,56,2.42,-10.94,128,2023
573,4,Plak,NED,25,55,37,2.08,-25.64,117,2023
574,5,Kozamernik,SLO,24,45,65,1.85,-15.67,134,2023
575,5,Russo,ITA,24,42,48,2.18,-15.79,114,2023
576,6,Grozdanov,BUL,23,35,38,1.92,-12.50,96,2023
577,7,Zhang J.Y.,CHN,22,24,23,1.83,-2.90,69,2023
578,7,Smith,USA,22,33,37,1.47,-11.96,92,2023
579,7,Flavio,BRA,22,42,46,1.69,-18.18,110,2023
580,7,Galassi,ITA,22,43,43,2.00,-19.44,108,2023
581,8,Mohammad,IRI,21,35,39,1.75,-14.74,95,2023
582,9,Wiltenburg,NED,20,30,35,1.67,-11.76,85,2023
583,9,Lavia,ITA,20,31,32,1.82,-13.25,83,2023
584,9,Kochanowski,POL,20,41,40,1.82,-20.79,101,2023
585,10,Li Y.Z.,CHN,18,35,40,1.50,-18.28,93,2023
586,10,Onodera,JPN,18,53,41,1.20,-31.25,112,2023
587,10,Pajenk,SLO,18,41,55,1.38,-20.18,114,2023
588,10,Čebulj,SLO,18,31,22,1.38,-18.31,71,2023
589,11,Ishikawa,JPN,17,49,42,1.13,-29.63,108,2023
590,11,Michieletto,ITA,17,17,21,1.55,0.00,55,2023
591,11,Huber,POL,17,27,25,1.55,-14.49,69,2023
592,12,Romanò,ITA,16,49,53,1.07,-27.97,118,2023
593,12,Demyanenko,CAN,16,41,42,1.33,-25.25,99,2023
594,12,Kłos,POL,16,27,18,2.00,-18.03,61,2023
595,13,Peng S.K.,CHN,15,34,30,1.25,-24.05,79,2023
596,13,Vicentin,ARG,15,30,32,1.15,-19.48,77,2023
597,13,Maar,CAN,15,35,23,1.25,-27.40,73,2023
598,13,Christenson,USA,15,25,29,1.00,-14.49,69,2023
599,13,Van Garderen,NED,15,18,10,1.25,-6.98,43,2023
600,13,Honorato,BRA,15,33,16,1.15,-28.12,64,2023
601,13,Chinenyeze,FRA,15,34,25,1.67,-25.68,74,2023
602,14,Taboada,CUB,14,24,23,1.17,-16.39,61,2023
603,14,Možič,SLO,14,36,17,1.08,-32.84,67,2023
604,14,Giannelli,ITA,14,29,37,1.27,-18.75,80,2023
605,14,Leon,POL,14,19,17,1.27,-10.00,50,2023
606,15,Atanasov,BUL,13,26,14,1.08,-24.53,53,2023
607,15,Palonsky,ARG,13,34,22,1.00,-30.43,69,2023
608,15,Defalco,USA,13,35,36,0.87,-26.19,84,2023
609,15,Otávio,BRA,13,29,38,1.00,-20.00,80,2023
610,15,Brehme,GER,13,50,40,1.08,-35.92,103,2023
611,15,Krick,GER,13,28,23,1.08,-23.44,64,2023
612,16,Yamauchi,JPN,12,37,29,0.80,-32.05,78,2023
613,16,Hajipour,IRI,12,8,13,1.09,12.12,33,2023
614,16,Faure,FRA,12,10,12,3.00,5.88,34,2023
615,16,Holt,USA,12,39,47,0.80,-27.55,98,2023
616,16,Lucarelli,BRA,12,36,25,0.92,-32.88,73,2023
617,16,Parkinson,NED,12,15,4,3.00,-9.68,31,2023
618,17,Sclater,CAN,11,18,16,0.92,-15.56,45,2023
619,17,Herrera,CUB,11,28,23,0.92,-27.42,62,2023
620,17,Pedroso,CUB,11,18,10,0.92,-17.95,39,2023
621,17,Yant,CUB,11,20,18,0.92,-18.37,49,2023
622,17,Kujundžić,SRB,11,26,17,0.92,-27.78,54,2023
623,17,Jaeschke,USA,11,10,8,1.00,3.45,29,2023
624,18,Ran,JPN,10,34,28,0.67,-33.33,72,2023
625,18,Bultor,FRA,10,22,29,0.77,-19.67,61,2023
626,18,Russell,USA,10,21,16,0.71,-23.40,47,2023
627,18,Patry,FRA,10,9,9,1.11,3.57,28,2023
628,18,Kaczmarek,POL,10,19,19,1.43,-18.75,48,2023
629,19,Kolev,BUL,9,26,36,0.75,-23.94,71,2023
630,19,Gotsev,BUL,9,13,10,0.75,-12.50,32,2023
631,19,Esfandiar,IRI,9,12,9,0.75,-10.00,30,2023
632,19,Zerba,ARG,9,31,46,0.69,-25.58,86,2023
633,19,Van Berkel,CAN,9,39,38,0.75,-34.88,86,2023
634,19,Masso,CUB,9,38,44,0.75,-31.87,91,2023
635,19,Bieniek,POL,9,24,45,0.82,-19.23,78,2023
636,19,Weber,GER,9,29,22,0.75,-33.33,60,2023
637,19,Lucas,BRA,9,23,32,1.00,-21.88,64,2023
638,20,Dimitrov,BUL,8,9,14,0.67,-3.23,31,2023
639,20,Wang D.C.,CHN,8,16,12,0.67,-22.22,36,2023
640,20,Wang H.B.,CHN,8,19,20,0.67,-23.40,47,2023
641,20,Amin,IRI,8,17,22,1.00,-19.15,47,2023
642,20,Ramos,ARG,8,13,11,0.62,-15.62,32,2023
643,20,Herr,CAN,8,13,23,0.67,-11.36,44,2023
644,20,Perić,SRB,8,4,11,0.67,17.39,23,2023
645,20,Todorović,SRB,8,23,21,0.67,-28.85,52,2023
646,20,Semeniuk,POL,8,7,11,0.73,3.85,26,2023
647,20,Anderson,USA,8,29,37,0.53,-28.38,74,2023
648,20,Keemink,NED,8,26,22,0.67,-32.14,56,2023
649,20,Nimir,NED,8,20,17,0.67,-26.67,45,2023
650,20,Alan,BRA,8,38,43,0.62,-33.71,89,2023
651,20,Reichert,GER,8,20,17,0.67,-26.67,45,2023
652,20,Krage,GER,8,26,16,0.67,-36.00,50,2023
653,20,Le Goff,FRA,8,12,6,1.60,-15.38,26,2023
654,21,Mosca,ITA,7,10,7,0.64,-12.50,24,2023
655,21,Lima B.,ARG,7,29,25,0.54,-36.07,61,2023
656,21,Szwarc,CAN,7,13,9,0.58,-20.69,29,2023
657,21,Lopez,CUB,7,33,25,0.58,-40.00,65,2023
658,21,Luburić,SRB,7,19,30,0.58,-21.43,56,2023
659,21,Averill,USA,7,20,19,0.47,-28.26,46,2023
660,21,Jorna,NED,7,26,13,0.58,-41.30,46,2023
661,21,Tille,GER,7,13,16,0.58,-16.67,36,2023
662,21,Clevenot,FRA,7,27,15,0.78,-40.82,49,2023
663,22,Asparuhov,BUL,6,13,15,0.50,-20.59,34,2023
664,22,Jiang C.,CHN,6,15,22,0.50,-20.93,43,2023
665,22,Kentaro,JPN,6,26,14,0.40,-43.48,46,2023
666,22,Gallego,ARG,6,11,14,0.46,-16.13,31,2023
667,22,Kukartsev,ARG,6,12,11,0.46,-20.69,29,2023
668,22,Eshenko,CAN,6,30,29,0.50,-36.92,65,2023
669,22,Ropret,SLO,6,18,31,0.46,-21.82,55,2023
670,22,Szalpuk,POL,6,6,14,0.75,0.00,26,2023
671,22,Bruno,BRA,6,26,31,0.46,-31.75,63,2023
672,22,Judson,BRA,6,22,22,0.46,-32.00,50,2023
673,22,Böhme,GER,6,11,6,0.50,-21.74,23,2023
674,22,Roque,BRA,6,5,6,0.67,5.88,17,2023
675,22,Anzani,ITA,6,14,5,1.50,-32.00,25,2023
676,22,Brizard,FRA,6,18,16,0.67,-30.00,40,2023
677,22,Śliwka,POL,6,22,7,0.86,-45.71,35,2023
678,23,Seganov,BUL,5,19,16,0.42,-35.00,40,2023
679,23,Karyagin,BUL,5,10,8,0.42,-21.74,23,2023
680,23,A. Nikolov,BUL,5,15,12,0.62,-31.25,32,2023
681,23,Miyaura,JPN,5,21,14,0.33,-40.00,40,2023
682,23,Javad,IRI,5,10,6,0.42,-23.81,21,2023
683,23,De Cecco,ARG,5,20,16,0.56,-36.59,41,2023
684,23,Jouffroy,FRA,5,11,16,0.38,-18.75,32,2023
685,23,Ivović,SRB,5,13,15,0.62,-24.24,33,2023
686,23,Bednorz,POL,5,11,7,0.45,-26.09,23,2023
687,23,Louati,FRA,5,12,7,0.56,-29.17,24,2023
688,24,Yu Y.T.,CHN,4,12,10,0.33,-30.77,26,2023
689,24,Poriya,IRI,4,4,10,0.40,0.00,18,2023
690,24,Morteza,IRI,4,22,13,0.36,-46.15,39,2023
691,24,Sanguinetti,ITA,4,6,9,0.36,-10.53,19,2023
692,24,Hoag,CAN,4,22,18,0.33,-40.91,44,2023
693,24,Planinšič,SLO,4,7,7,0.31,-16.67,18,2023
694,24,Z. Štern,SLO,4,15,9,0.31,-39.29,28,2023
695,24,Urnaut,SLO,4,29,18,0.31,-49.02,51,2023
696,24,Tillie,FRA,4,21,24,0.44,-34.69,49,2023
697,24,Carle,FRA,4,9,11,0.31,-20.83,24,2023
698,24,Jendryk,USA,4,15,17,0.27,-30.56,36,2023
699,24,Ma'a,USA,4,5,7,0.36,-6.25,16,2023
700,24,Schott,GER,4,3,8,0.33,6.67,15,2023
701,24,Ter Maat,NED,4,5,5,0.50,-7.14,14,2023
702,24,Kurek,POL,4,19,13,0.36,-41.67,36,2023
703,24,Adamczyk,POL,4,4,2,1.00,0.00,10,2023
704,25,Zhai D.J.,CHN,3,14,10,0.25,-40.74,27,2023
705,25,Nishida,JPN,3,21,21,0.21,-40.00,45,2023
706,25,Rinaldi,ITA,3,11,8,0.20,-36.36,22,2023
707,25,Thondike,CUB,3,13,5,0.25,-47.62,21,2023
708,25,Vucicevic,SRB,3,4,4,0.25,-9.09,11,2023
709,25,Łomacz,POL,3,8,11,0.20,-22.73,22,2023
710,25,Urbanowicz,POL,3,11,5,0.38,-42.11,19,2023
711,25,Dulski,POL,3,2,5,0.75,10.00,10,2023
712,25,Hanes,USA,3,6,4,0.27,-23.08,13,2023
713,25,Meijs,NED,3,2,5,0.25,10.00,10,2023
714,25,Tuinstra,NED,3,11,5,0.25,-42.11,19,2023
715,25,Adriano,BRA,3,14,7,0.23,-45.83,24,2023
716,25,Röhrs,GER,3,8,9,0.38,-25.00,20,2023
717,25,Brand,GER,3,6,2,0.25,-27.27,11,2023
718,25,Maase,GER,3,4,5,0.38,-8.33,12,2023
719,25,Boyer,FRA,3,10,9,0.33,-31.82,22,2023
720,25,Saadat,IRI,3,8,11,0.75,-22.73,22,2023
721,26,N. Penchev,BUL,2,6,6,0.25,-28.57,14,2023
722,26,Petkov,BUL,2,7,10,0.17,-26.32,19,2023
723,26,Guo C.,CHN,2,3,2,0.17,-14.29,7,2023
724,26,Porro P.,ITA,2,10,6,0.50,-44.44,18,2023
725,26,Bottolo,ITA,2,7,4,0.18,-38.46,13,2023
726,26,Martinez Franchi,ARG,2,7,7,0.15,-31.25,16,2023
727,26,M. Elser,CAN,2,5,5,0.17,-25.00,12,2023
728,26,Mergarejo,CUB,2,11,6,0.17,-47.37,19,2023
729,26,Gutierrez,CUB,2,5,1,0.17,-37.50,8,2023
730,26,Muagututia,USA,2,5,4,0.18,-27.27,11,2023
731,26,Kessel,USA,2,4,0,0.25,-33.33,6,2023
732,26,Korenblek,NED,2,0,2,0.17,50.00,4,2023
733,26,Arthur,BRA,2,2,2,0.25,0.00,6,2023
734,26,Cooper,CAN,2,1,1,0.25,25.00,4,2023
735,26,Fornal,POL,2,8,8,0.29,-33.33,18,2023
736,27,G. Bratoev,BUL,1,1,1,0.25,0.00,3,2023
737,27,Sekita,JPN,1,30,27,0.07,-50.00,58,2023
738,27,Jelveh,IRI,1,12,8,0.08,-52.38,21,2023
739,27,Vadi,IRI,1,7,6,0.12,-42.86,14,2023
740,27,Shahrooz,IRI,1,0,3,0.08,25.00,4,2023
741,27,Armoa Morel,ARG,1,2,1,0.08,-25.00,4,2023
742,27,J. Gutierrez,CUB,1,0,0,0.08,100.00,1,2023
743,27,Mašulović V.,SRB,1,0,0,0.12,100.00,1,2023
744,27,Katic,SRB,1,1,2,0.12,0.00,4,2023
745,27,Batak,SRB,1,8,7,0.08,-43.75,16,2023
746,27,Butryn,POL,1,5,5,0.25,-36.36,11,2023
747,27,Firlej,POL,1,6,6,0.12,-38.46,13,2023
748,27,Corre,FRA,1,9,10,0.25,-40.00,20,2023
749,27,Ensing,USA,1,2,0,0.12,-33.33,3,2023
750,27,Abouba,BRA,1,5,3,0.25,-44.44,9,2023
751,27,Kaliberda,GER,1,4,1,0.08,-50.00,6,2023
752,27,Kampa,GER,1,6,8,0.12,-33.33,15,2023
753,27,Walsh,CAN,1,5,7,0.12,-30.77,13,2023
754,27,Ter Horst,NED,1,3,4,0.12,-25.00,8,2023
755,27,S.Ivanov,BUL,1,1,0,0.25,0.00,2,2023
756,27,Sbertoli,ITA,1,1,0,0.09,0.00,2,2023
757,27,Magalini,ITA,1,0,0,0.25,100.00,1,2023
758,27,Bołądź,POL,1,5,6,0.25,-33.33,12,2023
759,27,Eiro,JPN,1,5,2,0.14,-50.00,8,2023
760,27,Toniutti,FRA,1,3,5,0.20,-22.22,9,2023
761,27,Janusz,POL,1,11,12,0.14,-41.67,24,2023
762,27,V. Bratoev,BUL,1,6,0,0.25,-71.43,7,2023
763,28,Bozhilov,BUL,0,0,0,,,0,2023
764,28,Dobrev,BUL,0,0,0,,,0,2023
765,28,Liu M.,CHN,0,1,3,0.00,-25.00,4,2023
766,28,Chen J.J.,CHN,0,0,0,,,0,2023
767,28,Qu Z.S.,CHN,0,0,0,,,0,2023
768,28,Zhang G.H.,CHN,0,1,0,0.00,-100.00,1,2023
769,28,Wang B.,CHN,0,4,1,0.00,-80.00,5,2023
770,28,Fukatsu,JPN,0,0,1,0.00,0.00,1,2023
771,28,Tomita,JPN,0,0,0,,,0,2023
772,28,Ogawa,JPN,0,0,0,,,0,2023
773,28,Yamamoto,JPN,0,0,0,,,0,2023
774,28,Kai,JPN,0,0,0,,,0,2023
775,28,Hazrat,IRI,0,0,0,,,0,2023
776,28,J.Manavi,IRI,0,1,4,0.00,-20.00,5,2023
777,28,Arman,IRI,0,0,0,,,0,2023
778,28,Falaschi,ITA,0,2,0,0.00,-100.00,2,2023
779,28,Balaso,ITA,0,0,0,,,0,2023
780,28,Recine,ITA,0,2,2,0.00,-50.00,4,2023
781,28,Gardini,ITA,0,0,0,,,0,2023
782,28,Cortesia,ITA,0,0,1,0.00,0.00,1,2023
783,28,Gironi,ITA,0,0,3,0.00,0.00,3,2023
784,28,Vitelli,ITA,0,3,3,0.00,-50.00,6,2023
785,28,Federici,ITA,0,0,0,,,0,2023
786,28,Sanchez Pages,ARG,0,10,2,0.00,-83.33,12,2023
787,28,Danani,ARG,0,0,0,,,0,2023
788,28,Zelayeta,ARG,0,0,0,,,0,2023
789,28,Hofer,CAN,0,5,2,0.00,-71.43,7,2023
790,28,Blankenau,CAN,0,1,0,0.00,-100.00,1,2023
791,28,Schnitzer,CAN,0,0,0,,,0,2023
792,28,Lui,CAN,0,0,0,,,0,2023
793,28,Currie,CAN,0,0,0,,,0,2023
794,28,Roman Garcia,CUB,0,0,0,,,0,2023
795,28,Goide,CUB,0,1,0,0.00,-100.00,1,2023
796,28,Gorguet,CUB,0,0,0,,,0,2023
797,28,Kök,SLO,0,3,1,0.00,-75.00,4,2023
798,28,Toman,SLO,0,0,0,,,0,2023
799,28,Bračko,SLO,0,0,0,,,0,2023
800,28,Štalekar,SLO,0,4,2,0.00,-66.67,6,2023
801,28,Koncilja,SLO,0,0,0,,,0,2023
802,28,Kovačič,SLO,0,0,0,,,0,2023
803,28,Kapur,SRB,0,0,0,,,0,2023
804,28,Gajović,SRB,0,0,0,,,0,2023
805,28,Krsteski,SRB,0,0,0,,,0,2023
806,28,Petrović,SRB,0,0,0,,,0,2023
807,28,Szymanski,POL,0,4,2,0.00,-66.67,6,2023
808,28,Szymura,POL,0,0,0,,,0,2023
809,28,Hawryluk,POL,0,0,0,,,0,2023
810,28,Sawicki,POL,0,0,5,0.00,0.00,5,2023
811,28,Poręba,POL,0,0,0,,,0,2023
812,28,Motta Paes,FRA,0,0,0,,,0,2023
813,28,Henry,FRA,0,0,0,,,0,2023
814,28,Pothron,FRA,0,0,0,,,0,2023
815,28,Diez,FRA,0,0,0,,,0,2023
816,28,Basic,FRA,0,0,0,,,0,2023
817,28,Henno,FRA,0,0,0,,,0,2023
818,28,Loubeyre,FRA,0,0,0,,,0,2023
819,28,Roehrig,FRA,0,0,0,,,0,2023
820,28,E. Shoji,USA,0,0,0,,,0,2023
821,28,Van Der Ent,NED,0,0,0,,,0,2023
822,28,Andringa,NED,0,0,0,,,0,2023
823,28,Bak,NED,0,0,0,,,0,2023
824,28,Wijkstra,NED,0,0,0,,,0,2023
825,28,Lipke,NED,0,0,0,,,0,2023
826,28,Fernando,BRA,0,4,9,0.00,-30.77,13,2023
827,28,Maique,BRA,0,0,0,,,0,2023
828,28,Thales,BRA,0,0,0,,,0,2023
829,28,Thiery,BRA,0,0,0,,,0,2023
830,28,Graven,GER,0,0,1,0.00,0.00,1,2023
831,28,Otsuka,JPN,0,5,4,0.00,-55.56,9,2023
832,28,Salehi,IRI,0,0,0,,,0,2023
833,28,Zimmermann,GER,0,1,0,0.00,-100.00,1,2023
834,28,Günthör,GER,0,0,0,,,0,2023
835,28,Dagostino,USA,0,0,0,,,0,2023
836,28,Tuaniga,USA,0,3,3,0.00,-50.00,6,2023
837,28,Mašulović N.,SRB,0,2,5,0.00,-28.57,7,2023
838,28,Giraudo,ARG,0,2,1,0.00,-66.67,3,2023
839,28,Mujanović,SLO,0,0,0,,,0,2023
840,28,Yang Y.M.,CHN,0,0,0,,,0,2023
841,28,Chen L.Y.,CHN,0,3,3,0.00,-50.00,6,2023
842,28,Salparov,BUL,0,0,0,,,0,2023
843,28,Raev,BUL,0,3,1,0.00,-75.00,4,2023
844,28,Scanferla,ITA,0,0,0,,,0,2023
845,28,Caneschi,ITA,0,1,1,0.00,-50.00,2,2023
846,28,Zatorski,POL,0,0,0,,,0,2023
847,28,Grebennikov,FRA,0,0,0,,,0,2023
848,28,Huetz,FRA,0,0,1,0.00,0.00,1,2023
849,28,Vaccari,BRA,0,0,0,,,0,2023
850,28,Piccinelli,ITA,0,0,0,,,0,2023
851,28,Sala,ITA,0,1,0,0.00,-100.00,1,2023
852,28,Larry,JPN,0,1,1,0.00,-50.00,2,2023
853,28,Rao S.H.,CHN,0,0,0,,,0,2023
854,28,Kovačević,SRB,0,0,1,0.00,0.00,1,2023
855,28,Podraščanin,SRB,0,0,0,,,0,2023
856,28,M.R.Moazzen,IRI,0,0,0,,,0,2023
857,28,A. Ramezani,IRI,0,4,3,0.00,-57.14,7,2023
858,28,A. Afshinfar,IRI,0,2,0,0.00,-100.00,2,2023
859,28,Popiwczak,POL,0,0,0,,,0,2023
860,28,Fromm,GER,0,6,8,0.00,-42.86,14,2023
861,28,K. Russell,USA,0,0,0,,,0,2023
862,28,Daneshdoust,IRI,0,0,0,,,0,2023
863,28,Nishiyama,JPN,0,1,0,0.00,-100.00,1,2023
864,28,Leal,BRA,0,1,0,0.00,-100.00,1,2023
865,1,Le Goff,FRA,34,51,53,2.27,-12.32,138,2024
866,1,Loser Bruno,ARG,34,59,47,2.62,-17.86,140,2024
867,2,Flavio,BRA,33,68,51,2.75,-23.03,152,2024
868,3,Zerba,ARG,30,47,52,2.31,-13.18,129,2024
869,4,Grozdanov,BUL,29,40,55,2.42,-8.87,124,2024
870,5,Kozamernik,SLO,26,68,64,1.73,-26.58,158,2024
871,5,Podraščanin,SRB,26,39,39,2.17,-12.50,104,2024
872,6,McCarthy,CAN,25,41,34,1.92,-16.00,100,2024
873,7,Concepcion,CUB,24,70,45,2.00,-33.09,139,2024
874,7,T. Štern,SLO,24,44,50,1.60,-16.95,118,2024
875,8,Simón,CUB,22,55,38,1.83,-28.70,115,2024
876,9,Lima B.,ARG,21,43,33,1.62,-22.68,97,2024
877,9,Thondike,CUB,21,27,28,1.75,-7.89,76,2024
878,9,Čebulj,SLO,21,36,23,1.40,-18.75,80,2024
879,9,Kochanowski,POL,21,33,25,1.40,-15.19,79,2024
880,10,Seddik,FRA,20,58,39,1.33,-32.48,117,2024
881,10,Mandıracı,TUR,20,31,27,1.82,-14.10,78,2024
882,10,Plak,NED,20,39,42,1.67,-18.81,101,2024
883,11,Onodera,JPN,19,48,45,1.27,-25.89,112,2024
884,11,Alan,BRA,19,25,29,1.46,-8.22,73,2024
885,11,Parkinson,NED,19,30,35,1.58,-13.10,84,2024
886,11,Galassi,ITA,19,21,33,2.38,-2.74,73,2024
887,12,Van Berkel,CAN,18,30,34,1.38,-14.63,82,2024
888,12,Maase,GER,18,41,58,1.50,-19.66,117,2024
889,12,Russo,ITA,18,28,28,2.25,-13.51,74,2024
890,12,Amin,IRI,18,39,35,1.50,-22.83,92,2024
891,13,Patry,FRA,17,29,31,1.13,-15.58,77,2024
892,13,Maar,CAN,17,50,39,1.31,-31.13,106,2024
893,13,Lopez,CUB,17,29,30,1.42,-15.79,76,2024
894,13,Mohammad,IRI,17,37,42,1.42,-20.83,96,2024
895,14,S. Nikolov,BUL,16,25,24,1.33,-13.85,65,2024
896,14,Bedirhan,TUR,16,47,52,1.33,-26.96,115,2024
897,14,Pajenk,SLO,16,47,67,1.14,-23.85,130,2024
898,15,Louati,FRA,15,36,21,1.00,-29.17,72,2024
899,15,Yant,CUB,15,38,35,1.25,-26.14,88,2024
900,15,Van Garderen,NED,15,32,20,1.25,-25.37,67,2024
901,15,Michieletto,ITA,15,15,19,1.88,0.00,49,2024
902,15,Moslehabadi,IRI,15,33,22,1.36,-25.71,70,2024
903,15,Fornal,POL,15,22,13,1.36,-14.00,50,2024
904,16,Szwarc,CAN,14,31,44,1.08,-19.10,89,2024
905,16,Janusz,POL,14,8,19,1.40,14.63,41,2024
906,17,Yamauchi,JPN,13,40,40,0.87,-29.03,93,2024
907,17,Darlan,BRA,13,35,29,1.00,-28.57,77,2024
908,17,Milad,IRI,13,38,26,1.08,-32.47,77,2024
909,17,Nedeljković,SRB,13,31,54,1.08,-18.37,98,2024
910,17,Ishikawa,JPN,13,22,30,1.18,-13.85,65,2024
911,17,Holt,USA,13,22,24,1.86,-15.25,59,2024
912,18,Matić,TUR,12,35,19,1.00,-34.85,66,2024
913,18,Güneş,TUR,12,20,38,1.00,-11.43,70,2024
914,18,Giannelli,ITA,12,15,27,1.50,-5.56,54,2024
915,19,Clevenot,FRA,11,25,18,0.79,-25.93,54,2024
916,19,Gürbüz,TUR,11,21,20,0.92,-19.23,52,2024
917,19,Loeppky,CAN,11,32,36,0.85,-26.58,79,2024
918,19,Conte,ARG,11,31,21,0.85,-31.75,63,2024
919,19,Kentaro,JPN,11,29,31,0.79,-25.35,71,2024
920,19,Lucas,BRA,11,33,39,1.00,-26.51,83,2024
921,19,Mosca,ITA,11,24,14,2.20,-26.53,49,2024
922,20,Petkov,BUL,10,23,38,0.83,-18.31,71,2024
923,20,Herr,CAN,10,22,27,0.77,-20.34,59,2024
924,20,Palonsky,ARG,10,26,19,0.77,-29.09,55,2024
925,20,Nishida,JPN,10,27,29,0.67,-25.76,66,2024
926,20,Lucarelli,BRA,10,30,15,0.91,-36.36,55,2024
927,20,Keemink,NED,10,24,19,0.83,-26.42,53,2024
928,20,Bednorz,POL,10,15,5,0.71,-16.67,30,2024
929,20,Poręba,POL,10,10,5,1.25,0.00,25,2024
930,20,Romanò,ITA,10,21,24,1.25,-20.00,55,2024
931,21,Asparuhov,BUL,9,27,23,0.75,-30.51,59,2024
932,21,Tatarov,BUL,9,34,26,0.75,-36.23,69,2024
933,21,A. Lagumdzija,TUR,9,11,17,0.75,-5.41,37,2024
934,21,M. Lagumdzija,TUR,9,23,15,0.75,-29.79,47,2024
935,21,De Cecco,ARG,9,25,27,0.69,-26.23,61,2024
936,21,Vicentin,ARG,9,16,8,0.69,-21.21,33,2024
937,21,Nimir,NED,9,29,23,0.75,-32.79,61,2024
938,21,Huber,POL,9,30,20,0.82,-35.59,59,2024
939,21,Averill,USA,9,20,20,1.12,-22.45,49,2024
940,22,Leal,BRA,8,33,20,0.73,-40.98,61,2024
941,22,Vadi,IRI,8,30,33,0.67,-30.99,71,2024
942,22,Jovović,SRB,8,21,15,0.67,-29.55,44,2024
943,22,Krick,GER,8,18,18,1.00,-22.73,44,2024
944,22,Kaczmarek,POL,8,13,9,1.00,-16.67,30,2024
945,22,Jendryk,USA,8,19,27,1.00,-20.37,54,2024
946,23,Tillie,FRA,7,16,20,0.47,-20.93,43,2024
947,23,Brizard,FRA,7,15,15,0.47,-21.62,37,2024
948,23,Eshenko,CAN,7,17,22,0.58,-21.74,46,2024
949,23,Demyanenko,CAN,7,16,24,0.54,-19.15,47,2024
950,23,Wiltenburg,NED,7,18,10,0.58,-31.43,35,2024
951,23,Krage,GER,7,27,18,0.58,-38.46,52,2024
952,23,Jelveh,IRI,7,24,19,0.58,-34.00,50,2024
953,23,Salehi,IRI,7,9,9,0.64,-8.00,25,2024
954,23,Morteza,IRI,7,16,6,0.64,-31.03,29,2024
955,23,Mašulović N.,SRB,7,13,16,0.58,-16.67,36,2024
956,23,Luburić,SRB,7,18,23,0.58,-22.92,48,2024
957,23,Judson,BRA,7,17,13,1.00,-27.03,37,2024
958,23,Jouffroy,FRA,7,15,13,0.54,-22.86,35,2024
959,23,Karlitzek,GER,7,16,10,0.88,-27.27,33,2024
960,23,Anderson,USA,7,17,20,0.88,-22.73,44,2024
961,23,Defalco,USA,7,18,19,0.88,-25.00,44,2024
962,23,Leon,POL,7,8,3,1.00,-5.56,18,2024
963,23,Bieniek,POL,7,22,15,1.17,-34.09,44,2024
964,24,Karyagin,BUL,6,7,13,0.50,-3.85,26,2024
965,24,Savaş,TUR,6,5,10,0.55,4.76,21,2024
966,24,Masso,CUB,6,19,12,0.50,-35.14,37,2024
967,24,Ropret,SLO,6,28,40,0.40,-29.73,74,2024
968,24,Urnaut,SLO,6,43,17,0.40,-56.06,66,2024
969,24,Śliwka,POL,6,14,8,0.43,-28.57,28,2024
970,24,Kujundžić,SRB,6,16,12,0.50,-29.41,34,2024
971,24,Kurek,POL,6,15,10,0.60,-29.03,31,2024
972,24,Kłos,POL,6,9,12,1.00,-11.11,27,2024
973,24,Christenson,USA,6,26,26,0.75,-34.48,58,2024
974,25,Ngapeth,FRA,5,2,3,0.83,30.00,10,2024
975,25,Mergarejo,CUB,5,12,10,0.42,-25.93,27,2024
976,25,Štalekar,SLO,5,17,14,0.33,-33.33,36,2024
977,25,Gasman,USA,5,13,13,1.25,-25.81,31,2024
978,25,Brand,GER,5,16,22,0.42,-25.58,43,2024
979,25,Lavia,ITA,5,21,15,0.62,-39.02,41,2024
980,25,Poriya,IRI,5,13,16,0.42,-23.53,34,2024
981,25,Kovačević,SRB,5,16,11,0.42,-34.38,32,2024
982,25,Perić,SRB,5,11,10,0.42,-23.08,26,2024
983,25,Smith,USA,5,4,17,0.71,3.85,26,2024
984,25,Jorna,NED,5,11,7,0.62,-26.09,23,2024
985,26,Dimitrov,BUL,4,16,14,0.33,-35.29,34,2024
986,26,Bultor,FRA,4,14,11,0.33,-34.48,29,2024
987,26,Faure,FRA,4,23,20,0.27,-40.43,47,2024
988,26,Bayram,TUR,4,15,17,0.33,-30.56,36,2024
989,26,Kukartsev,ARG,4,7,9,0.31,-15.00,20,2024
990,26,Fernando,BRA,4,24,30,0.31,-34.48,58,2024
991,26,Ter Horst,NED,4,6,3,1.00,-15.38,13,2024
992,26,Hanes,USA,4,5,9,0.57,-5.56,18,2024
993,26,Kessel,USA,4,13,12,0.67,-31.03,29,2024
994,26,Ewert,USA,4,15,8,0.50,-40.74,27,2024
995,26,Komenda,POL,4,1,1,0.67,50.00,6,2024
996,26,Semeniuk,POL,4,17,19,0.29,-32.50,40,2024
997,26,Böhme,GER,4,5,8,0.50,-5.88,17,2024
998,26,Sanguinetti,ITA,4,16,15,0.31,-34.29,35,2024
999,26,Krsmanović,SRB,4,19,16,0.33,-38.46,39,2024
1000,26,Ivović,SRB,4,14,19,0.33,-27.03,37,2024
1001,26,Todorović,SRB,4,2,5,0.33,18.18,11,2024
1002,26,Ensing,USA,4,5,12,0.50,-4.76,21,2024
1003,27,Toniutti,FRA,3,7,11,0.20,-19.05,21,2024
1004,27,Ekşi,TUR,3,0,4,0.75,42.86,7,2024
1005,27,Yenipazar,TUR,3,14,33,0.25,-22.00,50,2024
1006,27,Sekita,JPN,3,17,22,0.21,-33.33,42,2024
1007,27,Tomita,JPN,3,4,6,0.23,-7.69,13,2024
1008,27,Larry,JPN,3,10,18,0.20,-22.58,31,2024
1009,27,Alonso,CUB,3,9,8,0.25,-30.00,20,2024
1010,27,Isac,BRA,3,14,19,0.27,-30.56,36,2024
1011,27,Mauricio,BRA,3,7,4,0.25,-28.57,14,2024
1012,27,Koops,NED,3,6,3,0.25,-25.00,12,2024
1013,27,Ter Maat,NED,3,7,14,0.25,-16.67,24,2024
1014,27,Knigge,USA,3,11,14,0.60,-28.57,28,2024
1015,27,Reichert,GER,3,10,12,0.38,-28.00,25,2024
1016,27,Bovolenta,ITA,3,13,21,0.23,-27.03,37,2024
1017,27,Grozer,GER,3,7,16,0.38,-15.38,26,2024
1018,27,Ran,JPN,3,13,7,0.60,-43.48,23,2024
1019,27,Russell,USA,3,3,6,0.75,0.00,12,2024
1020,28,Chinenyeze,FRA,2,7,4,1.00,-38.46,13,2024
1021,28,Wassenaar Ketrzynski,CAN,2,6,15,0.15,-17.39,23,2024
1022,28,Ramos,ARG,2,23,13,0.15,-55.26,38,2024
1023,28,Fukatsu,JPN,2,1,15,0.13,5.56,18,2024
1024,28,Miyaura,JPN,2,23,18,0.13,-48.84,43,2024
1025,28,Otsuka,JPN,2,13,14,0.15,-37.93,29,2024
1026,28,Sánchez B.,CUB,2,30,29,0.17,-45.90,61,2024
1027,28,Van Der Ent,NED,2,6,3,0.17,-36.36,11,2024
1028,28,Mujanović,SLO,2,3,5,0.13,-10.00,10,2024
1029,28,Garcia,USA,2,4,3,0.50,-22.22,9,2024
1030,28,Isaacson,USA,2,1,5,0.50,12.50,8,2024
1031,28,Butryn,POL,2,4,5,0.50,-18.18,11,2024
1032,28,Adamczyk,POL,2,4,1,0.50,-28.57,7,2024
1033,28,Jakubiszak,POL,2,4,2,0.50,-25.00,8,2024
1034,28,Fromm,GER,2,8,8,0.17,-33.33,18,2024
1035,28,Zimmermann,GER,2,8,14,0.29,-25.00,24,2024
1036,28,Porro L.,ITA,2,14,10,0.15,-46.15,26,2024
1037,28,L. Bergmann,BRA,2,3,5,0.22,-10.00,10,2024
1038,28,Carle,FRA,2,5,5,0.15,-25.00,12,2024
1039,28,Brehme,GER,2,16,13,0.50,-45.16,31,2024
1040,28,Bottolo,ITA,2,13,10,0.40,-44.00,25,2024
1041,29,Valchinov,BUL,1,6,2,0.09,-55.56,9,2024
1042,29,Subaşı,TUR,1,5,2,0.33,-50.00,8,2024
1043,29,Walsh,CAN,1,0,0,0.08,100.00,1,2024
1044,29,Sanchez Pages,ARG,1,2,6,0.08,-11.11,9,2024
1045,29,Gallego,ARG,1,3,1,0.08,-40.00,5,2024
1046,29,Palacios,ARG,1,4,4,0.08,-33.33,9,2024
1047,29,Kai,JPN,1,14,10,0.07,-52.00,25,2024
1048,29,Bruno,BRA,1,6,13,0.14,-25.00,20,2024
1049,29,Wetter,USA,1,2,0,0.25,-33.33,3,2024
1050,29,Szalpuk,POL,1,3,7,0.25,-18.18,11,2024
1051,29,Bołądź,POL,1,9,13,0.10,-34.78,23,2024
1052,29,John,GER,1,5,3,0.25,-44.44,9,2024
1053,29,Recine,ITA,1,5,3,0.08,-44.44,9,2024
1054,29,Sbertoli,ITA,1,7,7,0.08,-40.00,15,2024
1055,29,Anzani,ITA,1,7,11,0.12,-31.58,19,2024
1056,29,Nasri,IRI,1,1,2,0.12,0.00,4,2024
1057,29,Atanasijević,SRB,1,8,8,0.08,-41.18,17,2024
1058,29,Aydin,TUR,1,1,1,0.10,0.00,3,2024
1059,29,Kampa,GER,1,10,8,0.12,-47.37,19,2024
1060,29,Schott,GER,1,7,13,0.12,-28.57,21,2024
1061,29,Firlej,POL,1,3,3,0.25,-28.57,7,2024
1062,29,Ma'a,USA,1,2,3,0.12,-16.67,6,2024
1063,29,Jaeschke,USA,1,8,3,0.25,-58.33,12,2024
1064,29,Muagututia,USA,1,6,10,0.12,-29.41,17,2024
1065,29,Bostan,TUR,1,2,3,0.12,-16.67,6,2024
1066,30,Kolev,BUL,0,2,3,0.00,-40.00,5,2024
1067,30,Garkov,BUL,0,1,0,0.00,-100.00,1,2024
1068,30,Bozhilov,BUL,0,0,0,,,0,2024
1069,30,D. Kolev,BUL,0,0,0,,,0,2024
1070,30,Telkiyski,BUL,0,0,0,,,0,2024
1071,30,Nachev,BUL,0,0,2,0.00,0.00,2,2024
1072,30,Grebennikov,FRA,0,0,0,,,0,2024
1073,30,Diez,FRA,0,0,0,,,0,2024
1074,30,Döne,TUR,0,0,0,,,0,2024
1075,30,Hatipoğlu,TUR,0,0,0,,,0,2024
1076,30,Hoag,CAN,0,3,0,0.00,-100.00,3,2024
1077,30,Barnes,CAN,0,1,0,0.00,-100.00,1,2024
1078,30,Lui,CAN,0,0,0,,,0,2024
1079,30,Currie,CAN,0,0,0,,,0,2024
1080,30,Martinez Franchi,ARG,0,9,5,0.00,-64.29,14,2024
1081,30,Danani,ARG,0,0,0,,,0,2024
1082,30,Takanashi,JPN,0,1,0,0.00,-100.00,1,2024
1083,30,Ogawa,JPN,0,0,0,,,0,2024
1084,30,Yamamoto,JPN,0,0,0,,,0,2024
1085,30,Roman Garcia,CUB,0,0,0,,,0,2024
1086,30,Taboada,CUB,0,1,1,0.00,-50.00,2,2024
1087,30,Camino,CUB,0,0,0,,,0,2024
1088,30,Gorguet,CUB,0,0,0,,,0,2024
1089,30,Charles,CUB,0,0,0,,,0,2024
1090,30,Adriano,BRA,0,6,9,0.00,-40.00,15,2024
1091,30,Honorato,BRA,0,0,0,,,0,2024
1092,30,Thales,BRA,0,0,0,,,0,2024
1093,30,Arthur,BRA,0,0,0,,,0,2024
1094,30,Klok,NED,0,0,0,,,0,2024
1095,30,Andringa,NED,0,0,0,,,0,2024
1096,30,De Weijer,NED,0,0,1,0.00,0.00,1,2024
1097,30,Bak,NED,0,0,0,,,0,2024
1098,30,Toman,SLO,0,0,0,,,0,2024
1099,30,Bračko,SLO,0,2,2,0.00,-50.00,4,2024
1100,30,Vinčić,SLO,0,0,0,,,0,2024
1101,30,Kovačič,SLO,0,0,0,,,0,2024
1102,30,Z. Štern,SLO,0,0,1,0.00,0.00,1,2024
1103,30,Kržič,SLO,0,0,0,,,0,2024
1104,30,Dagostino,USA,0,0,0,,,0,2024
1105,30,Tuaniga,USA,0,7,5,0.00,-58.33,12,2024
1106,30,Briggs,USA,0,0,0,,,0,2024
1107,30,Wildman,USA,0,0,0,,,0,2024
1108,30,Champlin,USA,0,5,3,0.00,-62.50,8,2024
1109,30,Marshman,USA,0,2,2,0.00,-50.00,4,2024
1110,30,Łomacz,POL,0,3,6,0.00,-33.33,9,2024
1111,30,Hawryluk,POL,0,0,0,,,0,2024
1112,30,Szymura,POL,0,0,0,,,0,2024
1113,30,Graven,GER,0,0,0,,,0,2024
1114,30,Kaliberda,GER,0,4,5,0.00,-44.44,9,2024
1115,30,Kunstmann,GER,0,0,0,,,0,2024
1116,30,Peter,GER,0,0,0,,,0,2024
1117,30,Goralik,GER,0,1,0,0.00,-100.00,1,2024
1118,30,Burggräf,GER,0,0,0,,,0,2024
1119,30,Balaso,ITA,0,0,0,,,0,2024
1120,30,Laurenzano,ITA,0,0,0,,,0,2024
1121,30,Hazrat,IRI,0,0,0,,,0,2024
1122,30,Javad,IRI,0,0,2,0.00,0.00,2,2024
1123,30,Arman,IRI,0,0,0,,,0,2024
1124,30,Barbast,IRI,0,5,3,0.00,-62.50,8,2024
1125,30,Kapur,SRB,0,0,0,,,0,2024
1126,30,Ristić,SRB,0,0,0,,,0,2024
1127,30,Marovt,SLO,0,0,0,,,0,2024
1128,30,Tille,GER,0,4,11,0.00,-26.67,15,2024
1129,30,Popiwczak,POL,0,0,0,,,0,2024
1130,30,Petrov,BUL,0,2,1,0.00,-66.67,3,2024
1131,30,Stankov,BUL,0,0,2,0.00,0.00,2,2024
1132,30,Kartev,BUL,0,0,0,,,0,2024
1133,30,Esfandiar,IRI,0,1,0,0.00,-100.00,1,2024
1134,30,E. Shoji,USA,0,0,0,,,0,2024
1135,30,Hofer,CAN,0,0,0,,,0,2024
1136,30,Meijs,NED,0,4,2,0.00,-66.67,6,2024
1137,30,Ahyi,NED,0,1,3,0.00,-25.00,4,2024
1138,30,Matheus G.,BRA,0,0,0,,,0,2024
1139,30,Sadati,IRI,0,0,0,,,0,2024
1140,30,Oya,JPN,0,0,0,,,0,2024
1141,30,Antov,BUL,0,3,5,0.00,-37.50,8,2024
1142,30,Dobrev,BUL,0,0,0,,,0,2024
1143,30,Bardarov,BUL,0,0,0,,,0,2024
1144,30,Planinšič,SLO,0,0,0,,,0,2024
1145,30,Zenger,GER,0,0,0,,,0,2024
1146,30,Arshia,IRI,0,2,0,0.00,-100.00,2,2024
1147,30,Porro P.,ITA,0,0,0,,,0,2024
1148,30,Cortesia,ITA,0,0,0,,,0,2024
1149,30,Gironi,ITA,0,5,2,0.00,-71.43,7,2024
1150,30,Rinaldi,ITA,0,0,0,,,0,2024
1151,30,Gaggini,ITA,0,0,0,,,0,2024
1152,30,Caneschi,ITA,0,3,1,0.00,-75.00,4,2024
1153,30,Zatorski,POL,0,0,0,,,0,2024
1154,30,Možič,SLO,0,1,0,0.00,-100.00,1,2024
1155,30,Falaschi,ITA,0,1,0,0.00,-100.00,1,2024
1156,30,Gardini,ITA,0,0,0,,,0,2024
1157,30,Aslan,TUR,0,0,0,,,0,2024
1158,30,Schnitzer,CAN,0,0,0,,,0,2024
