,Rank,Player Name,Team,Points,Errors,Attempts,Average per match,Success %,Total,Year
0,1,Nimir,NED,218,77,113,18.17,53.43,408,2021
1,2,Čebulj,SLO,200,56,168,11.76,47.17,424,2021
2,3,Mikhaylov,RUS,167,45,111,11.93,51.70,323,2021
3,4,Ivović,SRB,158,35,111,10.53,51.97,304,2021
4,5,T. Štern,SLO,154,61,97,10.27,49.36,312,2021
5,6,Kazemi,IRI,152,47,141,10.86,44.71,340,2021
6,6,Michieletto,ITA,152,27,125,10.13,50.00,304,2021
7,7,Urnaut,SLO,150,39,128,8.82,47.32,317,2021
8,7,Wallace,BRA,150,39,69,8.82,58.14,258,2021
9,8,Ishikawa,JPN,149,28,93,10.64,55.19,270,2021
10,9,Leal,BRA,139,39,94,9.27,51.10,272,2021
11,10,Salehi,IRI,138,44,68,9.20,55.20,250,2021
12,11,Luburić,SRB,133,46,81,8.87,51.15,260,2021
13,12,Kliuka,RUS,132,37,119,9.43,45.83,288,2021
14,13,Lucarelli,BRA,131,38,79,8.73,52.82,248,2021
15,14,Weber,GER,128,49,107,9.85,45.07,284,2021
16,15,Patry,FRA,127,42,104,9.07,46.52,273,2021
17,16,Kovačević,SRB,126,44,86,12.60,49.22,256,2021
18,16,Defalco,USA,126,38,106,8.40,46.67,270,2021
19,17,Pereyra L.,ARG,125,56,73,8.33,49.21,254,2021
20,18,Tuinstra,NED,118,46,132,8.43,39.86,296,2021
21,19,Recine,ITA,117,43,122,7.80,41.49,282,2021
22,20,Smith,AUS,115,37,113,9.58,43.40,265,2021
23,21,Atanasijević,SRB,114,52,67,7.60,48.93,233,2021
24,22,Boyer,FRA,113,37,75,7.53,50.22,225,2021
25,23,Ngapeth,FRA,111,43,71,9.25,49.33,225,2021
26,24,Perrin,CAN,109,20,106,8.38,46.38,235,2021
27,25,Nelli,ITA,108,38,96,8.31,44.63,242,2021
28,26,Asparuhov,BUL,106,31,86,7.07,47.53,223,2021
29,26,Ran,JPN,106,35,72,7.07,49.77,213,2021
30,26,Krsmanović,SRB,106,21,32,7.07,66.67,159,2021
31,27,Shimizu,JPN,103,40,75,7.92,47.25,218,2021
32,27,Vernon,CAN,103,37,74,6.87,48.13,214,2021
33,28,Pajenk,SLO,102,15,41,6.00,64.56,158,2021
34,29,Douglas,BRA,101,34,59,5.94,52.06,194,2021
35,30,Ter Horst,NED,99,26,64,9.00,52.38,189,2021
36,31,Kurek,POL,97,27,67,8.82,50.79,191,2021
37,32,Tillie,FRA,96,19,68,6.00,52.46,183,2021
38,32,Graham,AUS,96,60,94,6.40,38.40,250,2021
39,33,Hoag,CAN,95,45,81,6.33,42.99,221,2021
40,34,Volkov,RUS,93,28,64,6.64,50.27,185,2021
41,35,Clevenot,FRA,92,30,68,6.57,48.42,190,2021
42,35,Pinali,ITA,92,23,65,6.13,51.11,180,2021
43,35,Conte,ARG,92,43,100,6.13,39.15,235,2021
44,36,Podraščanin,SRB,87,15,27,5.80,67.44,129,2021
45,37,Leon,POL,86,18,73,6.62,48.59,177,2021
46,37,Loser Bruno,ARG,86,8,32,7.17,68.25,126,2021
47,38,Schott,GER,85,30,94,5.67,40.67,209,2021
48,38,Sclater,CAN,85,30,66,5.67,46.96,181,2021
49,38,Alan,BRA,85,18,49,5.31,55.92,152,2021
50,39,Chinenyeze,FRA,84,15,53,4.94,55.26,152,2021
51,40,Krick,GER,83,15,32,5.93,63.85,130,2021
52,41,Parapunov,BUL,82,54,62,5.47,41.41,198,2021
53,41,Milad,IRI,82,38,84,6.31,40.20,204,2021
54,42,Reichert,GER,78,29,91,5.20,39.39,198,2021
55,42,Muagututia,USA,78,19,71,5.20,46.43,168,2021
56,42,Kubiak,POL,78,26,75,6.50,43.58,179,2021
57,43,Anderson,USA,77,20,44,8.56,54.61,141,2021
58,44,Lima B.,ARG,76,31,33,10.86,54.29,140,2021
59,45,Mote,AUS,74,15,53,5.29,52.11,142,2021
60,46,Takanashi,JPN,73,26,47,5.21,50.00,146,2021
61,47,Ensing,USA,70,25,63,5.00,44.30,158,2021
62,48,Sokolov,BUL,68,26,46,8.50,48.57,140,2021
63,48,Bottolo,ITA,68,36,86,4.53,35.79,190,2021
64,48,Saadat,IRI,68,28,39,4.86,50.37,135,2021
65,49,Volvich,RUS,67,11,21,4.47,67.68,99,2021
66,49,Bieniek,POL,67,8,43,5.15,56.78,118,2021
67,50,Fromm,GER,66,18,66,4.40,44.00,150,2021
68,50,Otsuka,JPN,66,23,97,4.40,35.48,186,2021
69,50,Seyed,IRI,66,18,37,4.71,54.55,121,2021
70,50,Možič,SLO,66,16,34,3.88,56.90,116,2021
71,50,Isac,BRA,66,9,40,4.12,57.39,115,2021
72,51,Kozamernik,SLO,65,16,30,4.06,58.56,111,2021
73,52,Hirsch,GER,63,25,68,4.50,40.38,156,2021
74,53,Semeniuk,POL,61,14,47,4.69,50.00,122,2021
75,54,Esfandiar,IRI,60,21,45,4.29,47.62,126,2021
76,55,O'Dea,AUS,59,18,47,3.93,47.58,124,2021
77,55,Kurkaev,RUS,59,7,22,3.93,67.05,88,2021
78,55,Sole,ITA,59,6,39,5.36,56.73,104,2021
79,56,Loeppky,CAN,58,23,47,4.14,45.31,128,2021
80,56,Andringa,NED,58,25,68,4.14,38.41,151,2021
81,57,Karyagin,BUL,57,28,57,3.80,40.14,142,2021
82,58,Poletaev,RUS,56,16,35,3.73,52.34,107,2021
83,59,Patch,USA,55,23,37,6.11,47.83,115,2021
84,60,Podlesnykh,RUS,54,18,49,3.86,44.63,121,2021
85,61,Bultor,FRA,52,15,25,3.06,56.52,92,2021
86,62,Le Goff,FRA,51,13,30,3.00,54.26,94,2021
87,62,van Tilburg,NED,51,22,52,3.40,40.80,125,2021
88,62,Martinez Franchi,ARG,51,13,57,4.25,42.15,121,2021
89,62,Azeez,AUS,51,24,59,4.25,38.06,134,2021
90,63,Krage,GER,50,14,26,3.85,55.56,90,2021
91,63,Vlasov,RUS,50,4,30,3.33,59.52,84,2021
92,63,Ramos,ARG,50,10,23,3.33,60.24,83,2021
93,64,Onodera,JPN,49,8,42,3.77,49.49,99,2021
94,64,Parkinson,NED,49,5,16,3.77,70.00,70,2021
95,64,Galassi,ITA,49,3,17,6.12,71.01,69,2021
96,64,Cortesia,ITA,49,6,32,3.50,56.32,87,2021
97,64,Otake,JPN,49,14,35,8.17,50.00,98,2021
98,65,Kaczmarek,POL,48,16,42,4.00,45.28,106,2021
99,66,Rossard T,FRA,47,15,34,4.70,48.96,96,2021
100,66,Kolev,BUL,47,6,28,3.13,58.02,81,2021
101,66,Kaliberda,GER,47,12,44,3.62,45.63,103,2021
102,66,Szwarc,CAN,47,14,22,3.13,56.63,83,2021
103,66,Mosca,ITA,47,9,28,3.36,55.95,84,2021
104,67,Plak,NED,46,10,23,3.54,58.23,79,2021
105,68,Atanasov,BUL,45,27,56,3.00,35.16,128,2021
106,68,Yamauchi,JPN,45,8,34,3.00,51.72,87,2021
107,68,Kochanowski,POL,45,9,19,3.75,61.64,73,2021
108,68,Cavuto,ITA,45,18,35,3.00,45.92,98,2021
109,68,Flavio,BRA,45,14,32,2.65,49.45,91,2021
110,68,Poglajen,ARG,45,15,51,4.09,40.54,111,2021
111,69,Perić,SRB,44,17,31,2.93,47.83,92,2021
112,70,Louati,FRA,43,17,55,3.31,37.39,115,2021
113,70,Jaeschke,USA,43,14,45,3.58,42.16,102,2021
114,70,T. Sander,USA,43,9,28,7.17,53.75,80,2021
115,71,Smith,USA,42,10,26,3.00,53.85,78,2021
116,72,M.Gholami,IRI,41,9,26,2.73,53.95,76,2021
117,72,Śliwka,POL,41,8,38,2.73,47.13,87,2021
118,73,Holt,USA,40,7,28,3.33,53.33,75,2021
119,73,Maar,CAN,40,14,43,4.00,41.24,97,2021
120,74,Stahl,USA,39,7,25,3.00,54.93,71,2021
121,75,Mendez,ARG,38,17,37,2.53,41.30,92,2021
122,75,Van Berkel,CAN,38,5,20,2.71,60.32,63,2021
123,76,Petrov,BUL,37,17,41,2.47,38.95,95,2021
124,76,Kartev,BUL,37,10,20,2.85,55.22,67,2021
125,76,Z. Štern,SLO,37,9,30,2.18,48.68,76,2021
126,76,Muzaj,POL,37,13,41,3.36,40.66,91,2021
127,77,Bogdan,RUS,36,12,35,2.40,43.37,83,2021
128,77,M. Souza,BRA,36,6,22,2.77,56.25,64,2021
129,77,Nishida,JPN,36,13,21,7.20,51.43,70,2021
130,78,Fornal,POL,35,6,19,2.92,58.33,60,2021
131,79,Garrett,AUS,33,37,61,2.75,25.19,131,2021
132,79,Fukuzawa,JPN,33,20,29,2.36,40.24,82,2021
133,79,A.Ghafour,IRI,33,13,12,6.60,56.90,58,2021
134,79,Mauricio,BRA,33,18,29,1.94,41.25,80,2021
135,80,Jansen Vandoorn,CAN,32,10,16,2.13,55.17,58,2021
136,80,Nowakowski,POL,32,3,13,2.67,66.67,48,2021
137,80,Muserskiy,RUS,32,5,22,4.57,54.24,59,2021
138,81,S.Ivanov,BUL,31,9,36,2.82,40.79,76,2021
139,82,Senica,AUS,30,16,42,2.00,34.09,88,2021
140,82,Lee,JPN,30,6,18,2.00,55.56,54,2021
141,83,Faure,FRA,29,10,20,5.80,49.15,59,2021
142,84,Chavdarov,BUL,28,2,19,2.15,57.14,49,2021
143,85,Šket,SLO,27,4,35,1.69,40.91,66,2021
144,86,Brizard,FRA,26,2,12,1.62,65.00,40,2021
145,86,Vigrass,CAN,26,1,14,3.25,63.41,41,2021
146,86,Kłos,POL,26,5,8,2.36,66.67,39,2021
147,86,Kujundžić,SRB,26,8,28,1.86,41.94,62,2021
148,87,Böhme,GER,25,4,13,1.92,59.52,42,2021
149,87,Dosanjh,AUS,25,7,33,1.67,38.46,65,2021
150,87,Kentaro,JPN,25,4,14,2.50,58.14,43,2021
151,87,Mojarad,IRI,25,5,14,2.27,56.82,44,2021
152,88,Jendryk,USA,23,2,18,1.77,53.49,43,2021
153,89,Taylor,AUS,22,15,23,1.47,36.67,60,2021
154,90,Bednorz,POL,21,15,25,2.33,34.43,61,2021
155,90,Morteza,IRI,21,8,21,1.91,42.00,50,2021
156,91,Gasparini,SLO,19,8,19,1.19,41.30,46,2021
157,91,Lucas,BRA,19,5,17,3.80,46.34,41,2021
158,92,Weir,AUS,18,11,15,1.20,40.91,44,2021
159,92,Van Der Ent,NED,18,0,14,1.64,56.25,32,2021
160,93,Sossenheimer,GER,17,7,17,1.42,41.46,41,2021
161,93,Averill,USA,17,3,7,2.43,62.96,27,2021
162,94,Wiltenburg,NED,16,5,13,1.14,47.06,34,2021
163,94,Christenson,USA,16,2,18,1.33,44.44,36,2021
164,94,Palacios,ARG,16,8,16,1.45,40.00,40,2021
165,95,Vitelli,ITA,15,3,16,1.36,44.12,34,2021
166,96,B. Sander,USA,14,10,17,1.27,34.15,41,2021
167,96,Huber,POL,14,2,6,1.17,63.64,22,2021
168,96,Palonsky,ARG,14,8,16,1.17,36.84,38,2021
169,97,Ropret,SLO,12,1,6,0.71,63.16,19,2021
170,97,van Zeist,NED,12,2,12,1.00,46.15,26,2021
171,98,Seganov,BUL,11,3,4,0.73,61.11,18,2021
172,98,Grozdanov,BUL,11,4,8,3.67,47.83,23,2021
173,98,Baxpöhler,GER,11,1,4,1.10,68.75,16,2021
174,98,Simic,SRB,11,0,2,0.92,84.62,13,2021
175,98,Blankenau,CAN,11,1,14,0.79,42.31,26,2021
176,98,Lyutskanov,BUL,11,7,16,1.22,32.35,34,2021
177,99,Kobzar,RUS,10,2,10,0.67,45.45,22,2021
178,100,van Schie,NED,9,11,14,0.75,26.47,34,2021
179,100,Semyshev,RUS,9,6,11,1.12,34.62,26,2021
180,100,Bruno,BRA,9,0,5,0.53,64.29,14,2021
181,100,Nicolas,ARG,9,8,11,1.80,32.14,28,2021
182,101,Gueye,FRA,8,2,4,0.50,57.14,14,2021
183,101,Zimmermann,GER,8,2,9,0.53,42.11,19,2021
184,101,Reza,IRI,8,3,1,0.73,66.67,12,2021
185,101,De Cecco,ARG,8,1,14,0.53,34.78,23,2021
186,101,S. Marouf,IRI,8,0,12,0.62,40.00,20,2021
187,102,K. Shoji,USA,7,0,1,0.54,87.50,8,2021
188,102,Sbertoli,ITA,7,3,8,0.47,38.89,18,2021
189,103,Lyneel,FRA,6,7,6,0.86,31.58,19,2021
190,103,Aubrey,AUS,6,4,6,0.40,37.50,16,2021
191,103,Vaccari,BRA,6,2,2,0.60,60.00,10,2021
192,103,Crer,ARG,6,1,2,2.00,66.67,9,2021
193,104,Jovović,SRB,5,1,6,0.33,41.67,12,2021
194,104,Pankov,RUS,5,0,1,0.33,83.33,6,2021
195,104,Spirito,ITA,5,4,8,0.33,29.41,17,2021
196,104,Matheus,BRA,5,3,0,1.00,62.50,8,2021
197,104,Gardini,ITA,5,1,8,0.42,35.71,14,2021
198,104,Röhrs,GER,5,3,4,0.38,41.67,12,2021
199,105,Kovač,SRB,4,3,8,0.27,26.67,15,2021
200,105,Videčnik,SLO,4,0,2,0.29,66.67,6,2021
201,105,Tuaniga,USA,4,1,1,0.80,66.67,6,2021
202,106,Vadi,IRI,3,0,5,0.33,37.50,8,2021
203,106,Lisinac,SRB,3,0,4,3.00,42.86,7,2021
204,106,Jorna,NED,3,5,13,0.50,14.29,21,2021
205,106,Fernando,BRA,3,1,2,0.18,50.00,6,2021
206,106,Uriarte,ARG,3,0,6,0.30,33.33,9,2021
207,106,Marshall,CAN,3,6,13,0.23,13.64,22,2021
208,106,Keemink,NED,3,0,7,0.30,30.00,10,2021
209,106,V.Stankov,BUL,3,1,2,0.30,50.00,6,2021
210,106,João Rafael,BRA,3,0,3,0.75,50.00,6,2021
211,107,Fujii,JPN,2,0,2,0.22,50.00,4,2021
212,107,P. Fayazi,IRI,2,1,13,0.18,12.50,16,2021
213,107,Štalekar,SLO,2,3,3,0.18,25.00,8,2021
214,107,De Weijer,NED,2,1,4,0.18,28.57,7,2021
215,107,Hanes,USA,2,0,1,0.50,66.67,3,2021
216,107,Drzyzga,POL,2,1,4,0.12,28.57,7,2021
217,107,Łomacz,POL,2,0,0,0.12,100.00,2,2021
218,107,Todorović,SRB,2,0,1,0.15,66.67,3,2021
219,107,Sanchez Pages,ARG,2,0,0,0.29,100.00,2,2021
220,108,Toniutti,FRA,1,0,2,0.07,33.33,3,2021
221,108,Butler,AUS,1,0,0,0.07,100.00,1,2021
222,108,Sekita,JPN,1,1,5,0.07,14.29,7,2021
223,108,A. Shafiei,IRI,1,3,7,0.17,9.09,11,2021
224,108,Van Solkema,NED,1,1,0,0.08,50.00,2,2021
225,108,Walsh,CAN,1,1,4,0.10,16.67,6,2021
226,108,Demyanenko,CAN,1,1,1,0.12,33.33,3,2021
227,108,Meyer,FRA,1,0,0,0.33,100.00,1,2021
228,108,TJ,CAN,1,0,4,0.12,20.00,5,2021
229,108,Javad,IRI,1,1,3,0.17,20.00,5,2021
230,108,Douglas-Powell,AUS,1,0,0,1.00,100.00,1,2021
231,108,Komenda,POL,1,0,0,0.33,100.00,1,2021
232,109,Diez,FRA,0,0,0,,,0,2021
233,109,Stankov,BUL,0,0,0,,,0,2021
234,109,V. Ivanov,BUL,0,0,0,,,0,2021
235,109,M. Ivanov,BUL,0,0,0,,,0,2021
236,109,Zenger,GER,0,0,0,,,0,2021
237,109,Burggräf,GER,0,0,0,,,0,2021
238,109,Perry,AUS,0,0,0,,,0,2021
239,109,Flowerday,AUS,0,2,0,0.00,0.00,2,2021
240,109,Greber,AUS,0,0,0,,,0,2021
241,109,Yamamoto,JPN,0,0,0,,,0,2021
242,109,Ogawa,JPN,0,0,0,,,0,2021
243,109,Hazrat,IRI,0,0,0,,,0,2021
244,109,Arman,IRI,0,0,0,,,0,2021
245,109,Kapur,SRB,0,0,0,,,0,2021
246,109,Pekovic,SRB,0,0,0,,,0,2021
247,109,Batak,SRB,0,0,0,,,0,2021
248,109,Vinčić,SLO,0,2,0,0.00,0.00,2,2021
249,109,Klobucar,SLO,0,0,1,0.00,0.00,1,2021
250,109,Kovačič,SLO,0,0,0,,,0,2021
251,109,Dronkers,NED,0,0,0,,,0,2021
252,109,Ottevanger,NED,0,0,0,,,0,2021
253,109,Baranov,RUS,0,0,0,,,0,2021
254,109,Golubev,RUS,0,0,0,,,0,2021
255,109,Watten,USA,0,0,0,,,0,2021
256,109,E. Shoji,USA,0,0,0,,,0,2021
257,109,Pereira,CAN,0,0,0,,,0,2021
258,109,Bann,CAN,0,0,0,,,0,2021
259,109,Wojtaszek,POL,0,0,0,,,0,2021
260,109,Zatorski,POL,0,0,0,,,0,2021
261,109,Balaso,ITA,0,0,0,,,0,2021
262,109,Scanferla,ITA,0,0,0,,,0,2021
263,109,Federici,ITA,0,0,0,,,0,2021
264,109,Maique,BRA,0,0,0,,,0,2021
265,109,Thales,BRA,0,0,0,,,0,2021
266,109,Roque,BRA,0,0,4,0.00,0.00,4,2021
267,109,Macdonald,AUS,0,0,0,,,0,2021
268,109,Janusz,POL,0,0,0,,,0,2021
269,109,Vucicevic,SRB,0,1,0,0.00,0.00,1,2021
270,109,Oya,JPN,0,1,0,0.00,0.00,1,2021
271,109,Massimino,ARG,0,0,0,,,0,2021
272,109,Grebennikov,FRA,0,0,0,,,0,2021
273,109,Pernuš,SLO,0,0,0,,,0,2021
274,109,Maase,GER,0,0,3,0.00,0.00,3,2021
275,109,Danani,ARG,0,0,0,,,0,2021
276,109,Iakovlev,RUS,0,0,0,,,0,2021
277,1,Nimir,NED,207,60,143,15.92,50.49,410,2022
278,2,Amin,IRI,190,56,105,14.62,54.13,351,2022
279,3,Russell,USA,162,46,116,10.80,50.00,324,2022
280,3,Nishida,JPN,162,52,81,12.46,54.92,295,2022
281,4,Defalco,USA,157,40,88,14.27,55.09,285,2022
282,5,A. Nikolov,BUL,150,43,97,12.50,51.72,290,2022
283,6,Ensing,USA,143,37,89,9.53,53.16,269,2022
284,7,Zhang J.Y.,CHN,140,49,73,14.00,53.44,262,2022
285,8,Maar,CAN,139,48,129,11.58,43.99,316,2022
286,9,Lima B.,ARG,136,44,89,11.33,50.56,269,2022
287,10,Pope,AUS,134,38,70,11.17,55.37,242,2022
288,11,Palacios,ARG,130,27,108,10.83,49.06,265,2022
289,12,Lavia,ITA,125,25,103,11.36,49.41,253,2022
290,13,Možič,SLO,123,37,93,10.25,48.62,253,2022
291,14,Ishikawa,JPN,122,34,92,10.17,49.19,248,2022
292,15,Romanò,ITA,120,40,98,8.00,46.51,258,2022
293,16,Atanasov,BUL,117,40,98,9.75,45.88,255,2022
294,17,Ngapeth,FRA,116,28,74,8.29,53.21,218,2022
295,18,Patry,FRA,115,26,98,8.21,48.12,239,2022
296,19,Milad,IRI,114,36,87,8.77,48.10,237,2022
297,20,Kurek,POL,111,30,73,10.09,51.87,214,2022
298,21,Perić,SRB,109,39,89,9.08,45.99,237,2022
299,22,Fromm,GER,107,35,111,9.73,42.29,253,2022
300,23,Weber,GER,106,48,79,13.25,45.49,233,2022
301,24,Esfandiar,IRI,101,31,73,7.77,49.27,205,2022
302,25,Michieletto,ITA,100,31,75,9.09,48.54,206,2022
303,25,Leal,BRA,100,24,66,11.11,52.63,190,2022
304,26,Tuinstra,NED,99,32,94,7.62,44.00,225,2022
305,27,Kujundžić,SRB,98,39,58,8.17,50.26,195,2022
306,27,Alan,BRA,98,22,59,14.00,54.75,179,2022
307,28,Loser Bruno,ARG,95,17,51,7.92,58.28,163,2022
308,29,Boyer,FRA,89,22,63,6.36,51.15,174,2022
309,29,Atanasijević,SRB,89,33,47,11.12,52.66,169,2022
310,30,Semeniuk,POL,86,18,74,7.82,48.31,178,2022
311,31,Sclater,CAN,83,23,61,6.92,49.70,167,2022
312,32,Zhang G.H.,CHN,79,28,64,7.90,46.20,171,2022
313,32,Jendryk,USA,79,7,34,5.27,65.83,120,2022
314,33,T. Štern,SLO,78,44,44,7.80,46.99,166,2022
315,33,Flavio,BRA,78,11,37,6.00,61.90,126,2022
316,34,Reichert,GER,77,18,61,7.00,49.36,156,2022
317,34,Fornal,POL,77,16,52,5.13,53.10,145,2022
318,35,Palonsky,ARG,76,19,58,6.33,49.67,153,2022
319,36,Chinenyeze,FRA,75,7,30,5.36,66.96,112,2022
320,36,Lucarelli,BRA,75,23,48,8.33,51.37,146,2022
321,36,Darlan,BRA,75,24,42,8.33,53.19,141,2022
322,37,Parapunov,BUL,72,44,63,6.00,40.22,179,2022
323,37,Clevenot,FRA,72,12,57,7.20,51.06,141,2022
324,38,Maase,GER,70,16,70,7.78,44.87,156,2022
325,39,Ran,JPN,69,23,58,5.31,46.00,150,2022
326,39,Louati,FRA,69,27,58,4.93,44.81,154,2022
327,40,Smith,USA,67,11,28,4.47,63.21,106,2022
328,41,Ter Horst,NED,66,22,41,5.50,51.16,129,2022
329,42,Otsuka,JPN,65,19,60,5.00,45.14,144,2022
330,43,Vicentin,ARG,63,34,55,5.25,41.45,152,2022
331,44,Yamauchi,JPN,62,11,37,4.77,56.36,110,2022
332,45,Galassi,ITA,60,10,34,4.00,57.69,104,2022
333,45,Loeppky,CAN,60,27,54,7.50,42.55,141,2022
334,46,Śliwka,POL,59,9,48,5.36,50.86,116,2022
335,47,Kolev,BUL,58,11,19,4.83,65.91,88,2022
336,47,Heptinstall,AUS,58,33,56,4.83,39.46,147,2022
337,48,Yu Y.T.,CHN,57,21,49,5.70,44.88,127,2022
338,48,Plak,NED,57,6,25,4.38,64.77,88,2022
339,49,Graham,AUS,56,10,34,4.67,56.00,100,2022
340,50,Krick,GER,55,13,32,5.00,55.00,100,2022
341,51,Pajenk,SLO,54,9,26,4.50,60.67,89,2022
342,51,Brand,GER,54,14,69,4.91,39.42,137,2022
343,51,Kochanowski,POL,54,10,27,3.60,59.34,91,2022
344,52,Bieniek,POL,53,10,22,4.82,62.35,85,2022
345,53,Toukhteh,IRI,52,11,22,4.00,61.18,85,2022
346,53,Mašulović N.,SRB,52,5,29,4.33,60.47,86,2022
347,54,Z. Štern,SLO,50,22,38,4.17,45.45,110,2022
348,55,Isac,BRA,47,4,24,3.62,62.67,75,2022
349,56,Weir,AUS,46,4,28,5.75,58.97,78,2022
350,56,Urnaut,SLO,46,12,47,5.75,43.81,105,2022
351,57,Peng S.K.,CHN,45,12,21,5.00,57.69,78,2022
352,57,Kozamernik,SLO,45,7,21,3.75,61.64,73,2022
353,57,Howe,CAN,45,13,21,3.75,56.96,79,2022
354,57,Bottolo,ITA,45,23,40,3.00,41.67,108,2022
355,58,Gotsev,BUL,44,6,22,3.67,61.11,72,2022
356,58,Butryn,POL,44,17,12,4.00,60.27,73,2022
357,59,Li Y.Z.,CHN,43,14,13,4.30,61.43,70,2022
358,59,Onodera,JPN,43,7,23,3.31,58.90,73,2022
359,60,Meljanac,SRB,42,18,19,5.25,53.16,79,2022
360,60,Petkovic,SRB,42,25,28,10.50,44.21,95,2022
361,61,Morteza,IRI,40,14,19,3.08,54.79,73,2022
362,61,Lisinac,SRB,40,4,12,5.00,71.43,56,2022
363,62,Miyaura,JPN,39,13,32,4.33,46.43,84,2022
364,62,Jorna,NED,39,22,43,3.00,37.50,104,2022
365,62,Kłos,POL,39,7,10,2.60,69.64,56,2022
366,62,Čebulj,SLO,39,16,34,9.75,43.82,89,2022
367,63,Lucas,BRA,38,7,21,4.75,57.58,66,2022
368,64,Karyagin,BUL,37,22,23,3.08,45.12,82,2022
369,64,Asparuhov,BUL,37,17,32,3.08,43.02,86,2022
370,64,Kwolek,POL,37,11,24,4.62,51.39,72,2022
371,65,Krage,GER,36,11,17,3.27,56.25,64,2022
372,65,Recine,ITA,36,13,31,5.14,45.00,80,2022
373,66,Rodriguinho,BRA,35,12,35,2.69,42.68,82,2022
374,66,Takanashi,JPN,35,15,25,3.89,46.67,75,2022
375,67,Adriano,BRA,34,9,28,2.62,47.89,71,2022
376,67,Le Goff,FRA,34,5,27,3.40,51.52,66,2022
377,67,Wang J.Y.,CHN,34,17,18,5.67,49.28,69,2022
378,68,Hanes,USA,33,8,28,4.12,47.83,69,2022
379,68,Hoag,CAN,33,13,22,3.67,48.53,68,2022
380,68,Kaczmarek,POL,33,12,23,3.00,48.53,68,2022
381,69,Jelveh,IRI,32,8,19,2.46,54.24,59,2022
382,69,O'Dea,AUS,32,7,26,2.67,49.23,65,2022
383,69,Anzani,ITA,32,4,15,2.91,62.75,51,2022
384,70,Van Garderen,NED,31,16,35,3.44,37.80,82,2022
385,70,Kentaro,JPN,31,2,11,3.44,70.45,44,2022
386,70,Zaytsev,ITA,31,12,21,4.43,48.44,64,2022
387,71,Hofer,CAN,30,11,25,2.50,45.45,66,2022
388,71,Senica,AUS,30,27,27,2.50,35.71,84,2022
389,71,Nicolas,ARG,30,7,29,2.50,45.45,66,2022
390,72,Giannelli,ITA,29,2,19,1.93,58.00,50,2022
391,73,Muagututia,USA,27,7,14,2.45,56.25,48,2022
392,74,Eshenko,CAN,26,11,19,2.17,46.43,56,2022
393,74,M. Elser,CAN,26,8,21,2.17,47.27,55,2022
394,74,Gallego,ARG,26,3,19,2.17,54.17,48,2022
395,74,Zerba,ARG,26,9,18,2.17,49.06,53,2022
396,74,Pinali,ITA,26,10,16,3.25,50.00,52,2022
397,74,Murch,AUS,26,8,24,6.50,44.83,58,2022
398,75,Koncilja,SLO,25,4,20,2.08,51.02,49,2022
399,75,Jaeschke,USA,25,9,33,3.12,37.31,67,2022
400,75,Van Berkel,CAN,25,8,12,2.08,55.56,45,2022
401,75,Jouffroy,FRA,25,4,16,1.79,55.56,45,2022
402,76,Hazelden,AUS,24,14,16,3.00,44.44,54,2022
403,77,Katic,SRB,23,5,24,1.92,44.23,52,2022
404,77,Bednorz,POL,23,9,9,3.29,56.10,41,2022
405,78,Armoa Morel,ARG,22,21,31,1.83,29.73,74,2022
406,78,Staples,AUS,22,12,30,5.50,34.38,64,2022
407,78,Russo,ITA,22,2,10,3.14,64.71,34,2022
408,79,Chavdarov,BUL,21,4,11,1.75,58.33,36,2022
409,79,Muzaj,POL,21,7,14,5.25,50.00,42,2022
410,79,Aubrey,AUS,21,12,15,5.25,43.75,48,2022
411,80,Gasparini,SLO,20,8,13,2.50,48.78,41,2022
412,80,Wiltenburg,NED,20,9,13,1.54,47.62,42,2022
413,80,Dosanjh,AUS,20,5,13,1.67,52.63,38,2022
414,80,Ramos,ARG,20,4,15,1.67,51.28,39,2022
415,80,K. Russell,USA,20,4,15,2.86,51.28,39,2022
416,81,Murayama,JPN,19,3,10,1.46,59.38,32,2022
417,82,Nedeljković,SRB,18,6,9,4.50,54.55,33,2022
418,82,van Tilburg,NED,18,8,14,1.38,45.00,40,2022
419,82,Podraščanin,SRB,18,3,11,2.25,56.25,32,2022
420,83,Garrett,AUS,17,10,19,1.42,36.96,46,2022
421,83,Brizard,FRA,17,1,10,1.55,60.71,28,2022
422,84,Poręba,POL,16,4,4,2.00,66.67,24,2022
423,85,Grozdanov,BUL,15,3,16,3.75,44.12,34,2022
424,85,Derouillon,FRA,15,4,12,1.07,48.39,31,2022
425,85,Stahl,USA,15,2,10,1.36,55.56,27,2022
426,86,Cooper,CAN,14,5,12,2.00,45.16,31,2022
427,87,Keemink,NED,13,2,6,1.00,61.90,21,2022
428,87,Parkinson,NED,13,3,5,1.00,61.90,21,2022
429,87,Szymura R.,POL,13,5,12,3.25,43.33,30,2022
430,87,Vucicevic,SRB,13,11,14,3.25,34.21,38,2022
431,88,Jiang Z.Y.,CHN,12,1,5,1.20,66.67,18,2022
432,88,Mitchem,USA,12,1,5,0.80,66.67,18,2022
433,88,Barnes,CAN,12,8,14,1.00,35.29,34,2022
434,89,Zhang B.L.,CHN,11,7,6,1.10,45.83,24,2022
435,89,Tuaniga,USA,11,3,8,0.73,50.00,22,2022
436,89,Marinovic,SRB,11,11,9,2.75,35.48,31,2022
437,89,Lipinski,POL,11,5,12,2.75,39.29,28,2022
438,90,Schulz,GER,10,8,8,1.25,38.46,26,2022
439,90,Henry,FRA,10,3,11,0.71,41.67,24,2022
440,90,Cortesia,ITA,10,1,10,0.91,47.62,21,2022
441,91,Bošnjak,SLO,9,4,5,1.12,50.00,18,2022
442,91,Seganov,BUL,9,3,7,0.75,47.37,19,2022
443,91,Mosca,ITA,9,2,1,1.50,75.00,12,2022
444,91,Krsmanović,SRB,9,3,6,1.12,50.00,18,2022
445,91,Christenson,USA,9,0,7,1.29,56.25,16,2022
446,92,Yu Y.C.,CHN,8,0,4,0.80,66.67,12,2022
447,92,Vadi,IRI,8,0,5,0.62,61.54,13,2022
448,92,Kessel,USA,8,3,9,0.73,40.00,20,2022
449,92,S.Ivanov,BUL,8,5,3,0.67,50.00,16,2022
450,92,Vitelli,ITA,8,2,6,2.00,50.00,16,2022
451,93,Kazemi,IRI,7,7,11,1.75,28.00,25,2022
452,93,Jovović,SRB,7,1,3,0.58,63.64,11,2022
453,93,Peter,GER,7,5,1,0.64,53.85,13,2022
454,93,Vaccari,BRA,7,3,5,1.75,46.67,15,2022
455,93,Petric,SRB,7,4,8,0.88,36.84,19,2022
456,94,Mehrab,IRI,5,1,4,0.38,50.00,10,2022
457,94,Klobucar,SLO,5,2,10,0.62,29.41,17,2022
458,94,Walsh,CAN,5,1,7,0.62,38.46,13,2022
459,94,Bruno,BRA,5,0,4,0.38,55.56,9,2022
460,94,Sanchez Pages,ARG,5,2,4,0.42,45.45,11,2022
461,94,Amir Reza,IRI,5,2,2,0.56,55.56,9,2022
462,95,Ropret,SLO,4,1,3,0.33,50.00,8,2022
463,95,Wilson,CAN,4,1,2,0.50,57.14,7,2022
464,95,Zimmermann,GER,4,1,9,0.36,28.57,14,2022
465,95,Sekita,JPN,4,0,3,0.31,57.14,7,2022
466,95,Tomita,JPN,4,4,10,0.50,22.22,18,2022
467,95,Flowerday,AUS,4,9,3,0.33,25.00,16,2022
468,95,Giraudo,ARG,4,1,1,0.50,66.67,6,2022
469,95,Saadat,IRI,4,0,4,0.44,50.00,8,2022
470,96,Videčnik,SLO,3,2,1,0.38,50.00,6,2022
471,96,Eiro,JPN,3,1,1,0.75,60.00,5,2022
472,96,Van Der Ent,NED,3,1,9,0.23,23.08,13,2022
473,96,Franco,BRA,3,1,3,0.75,42.86,7,2022
474,96,Urbanowicz,POL,3,2,3,0.75,37.50,8,2022
475,96,Firlej,POL,3,0,3,0.38,50.00,6,2022
476,96,Vinčić,SLO,3,0,4,0.38,42.86,7,2022
477,96,Oya,JPN,3,1,1,0.33,60.00,5,2022
478,97,Reza,IRI,2,2,0,0.67,50.00,4,2022
479,97,Esi,IRI,2,1,2,0.25,40.00,5,2022
480,97,Shaw,USA,2,1,2,0.25,40.00,5,2022
481,97,D. Dimitrov,BUL,2,2,2,0.17,33.33,6,2022
482,97,Nikolic,SRB,2,0,2,0.50,50.00,4,2022
483,97,Blankenau,CAN,2,0,2,0.25,50.00,4,2022
484,97,Butler,AUS,2,0,4,0.17,33.33,6,2022
485,97,Tillie,FRA,2,2,3,0.50,28.57,7,2022
486,97,Epp,CAN,2,1,2,0.33,40.00,5,2022
487,97,De Cecco,ARG,2,2,4,0.50,25.00,8,2022
488,98,Liu M.,CHN,1,0,2,0.25,33.33,3,2022
489,98,Wang H.B.,CHN,1,0,1,0.10,50.00,2,2022
490,98,Yuan D.Y.,CHN,1,0,4,0.10,20.00,5,2022
491,98,Miao R.T.,CHN,1,0,2,0.10,33.33,3,2022
492,98,A. Ramezani,IRI,1,0,2,0.12,33.33,3,2022
493,98,Todorović,SRB,1,0,0,0.12,100.00,1,2022
494,98,Tille,GER,1,1,0,0.14,50.00,2,2022
495,98,Ferch,GER,1,0,0,0.09,100.00,1,2022
496,98,Fernando,BRA,1,1,0,0.08,50.00,2,2022
497,98,Leandro,BRA,1,0,0,0.08,100.00,1,2022
498,98,Kozub,POL,1,0,0,0.25,100.00,1,2022
499,98,Corre,FRA,1,0,1,0.14,50.00,2,2022
500,98,Štalekar,SLO,1,0,4,0.25,20.00,5,2022
501,98,Janusz,POL,1,0,2,0.09,33.33,3,2022
502,98,Vulikic,SRB,1,0,2,0.25,33.33,3,2022
503,98,Dervisaj,GER,1,0,0,0.25,100.00,1,2022
504,98,Daneshdoust,IRI,1,0,0,0.20,100.00,1,2022
505,99,Yang Y.M.,CHN,0,0,0,,,0,2022
506,99,Yang T.Y.,CHN,0,0,0,,,0,2022
507,99,Hazrat,IRI,0,0,0,,,0,2022
508,99,M.R.Moazzen,IRI,0,0,0,,,0,2022
509,99,Planinšič,SLO,0,0,0,,,0,2022
510,99,Košenina,SLO,0,0,0,,,0,2022
511,99,Kovačič,SLO,0,0,0,,,0,2022
512,99,Pasteur,USA,0,0,0,,,0,2022
513,99,Dagostino,USA,0,0,0,,,0,2022
514,99,Gasman,USA,0,0,0,,,0,2022
515,99,Briggs,USA,0,0,0,,,0,2022
516,99,Valchinov,BUL,0,0,0,,,0,2022
517,99,M. Ivanov,BUL,0,0,0,,,0,2022
518,99,Pekovic,SRB,0,0,0,,,0,2022
519,99,Koprivica,SRB,0,0,0,,,0,2022
520,99,Rudić,SRB,0,0,0,,,0,2022
521,99,Elser,CAN,0,0,0,,,0,2022
522,99,Lui,CAN,0,0,0,,,0,2022
523,99,Zenger,GER,0,0,0,,,0,2022
524,99,Goralik,GER,0,0,0,,,0,2022
525,99,Ogawa,JPN,0,0,0,,,0,2022
526,99,Yamamoto,JPN,0,0,0,,,0,2022
527,99,Ottevanger,NED,0,0,0,,,0,2022
528,99,Van Solkema,NED,0,0,1,0.00,0.00,1,2022
529,99,Andringa,NED,0,0,0,,,0,2022
530,99,Maique,BRA,0,0,0,,,0,2022
531,99,Thales,BRA,0,0,0,,,0,2022
532,99,Victor,BRA,0,1,0,0.00,0.00,1,2022
533,99,Holland,AUS,0,0,0,,,0,2022
534,99,Perry,AUS,0,0,0,,,0,2022
535,99,McAinsh,AUS,0,0,0,,,0,2022
536,99,Popiwczak,POL,0,0,0,,,0,2022
537,99,Szymura,POL,0,0,0,,,0,2022
538,99,Danani,ARG,0,0,0,,,0,2022
539,99,Massimino,ARG,0,0,0,,,0,2022
540,99,Mouiel,FRA,0,0,0,,,0,2022
541,99,Diez,FRA,0,0,0,,,0,2022
542,99,Gueye,FRA,0,0,0,,,0,2022
543,99,Falaschi,ITA,0,0,0,,,0,2022
544,99,Gardini,ITA,0,1,7,0.00,0.00,8,2022
545,99,Gironi,ITA,0,0,0,,,0,2022
546,99,Piccinelli,ITA,0,0,0,,,0,2022
547,99,Scanferla,ITA,0,0,0,,,0,2022
548,99,V. Ivanov,BUL,0,0,0,,,0,2022
549,99,Petkov,BUL,0,0,0,,,0,2022
550,99,Graven,GER,0,0,0,,,0,2022
551,99,Röhrs,GER,0,1,3,0.00,0.00,4,2022
552,99,Ricci,ITA,0,0,0,,,0,2022
553,99,Cavuto,ITA,0,0,0,,,0,2022
554,99,Balaso,ITA,0,0,0,,,0,2022
555,99,Sbertoli,ITA,0,0,0,,,0,2022
556,99,Łomacz,POL,0,0,0,,,0,2022
557,99,Zatorski,POL,0,0,0,,,0,2022
558,99,E. Shoji,USA,0,0,0,,,0,2022
559,99,Toniutti,FRA,0,0,1,0.00,0.00,1,2022
560,99,Gholipour,IRI,0,0,0,,,0,2022
561,99,Fazel,IRI,0,0,1,0.00,0.00,1,2022
562,99,Leonardo,BRA,0,0,0,,,0,2022
563,99,Honorato,BRA,0,0,0,,,0,2022
564,99,Phillips,AUS,0,0,0,,,0,2022
565,99,Bleeker,NED,0,0,0,,,0,2022
566,99,De Weijer,NED,0,0,0,,,0,2022
567,99,Grebennikov,FRA,0,0,0,,,0,2022
568,1,Ishikawa,JPN,237,56,155,15.80,52.90,448,2023
569,2,Romanò,ITA,185,64,167,12.33,44.47,416,2023
570,3,Nimir,NED,184,66,105,15.33,51.83,355,2023
571,4,Herrera,CUB,180,83,87,15.00,51.43,350,2023
572,5,Ran,JPN,173,46,94,11.53,55.27,313,2023
573,6,Luburić,SRB,172,62,118,14.33,48.86,352,2023
574,7,Urnaut,SLO,164,47,138,12.62,46.99,349,2023
575,8,Zhang J.Y.,CHN,162,60,112,13.50,48.50,334,2023
576,8,Alan,BRA,162,40,106,12.46,52.60,308,2023
577,9,Lucarelli,BRA,154,51,107,11.85,49.36,312,2023
578,10,Palonsky,ARG,151,42,113,11.62,49.35,306,2023
579,11,Lopez,CUB,148,49,97,12.33,50.34,294,2023
580,12,Čebulj,SLO,145,54,127,11.15,44.48,326,2023
581,13,Defalco,USA,143,45,91,9.53,51.25,279,2023
582,14,Možič,SLO,140,31,118,10.77,48.44,289,2023
583,15,Anderson,USA,136,35,97,9.07,50.75,268,2023
584,16,Weber,GER,125,53,66,10.42,51.23,244,2023
585,17,Kujundžić,SRB,124,39,92,10.33,48.63,255,2023
586,18,Nishida,JPN,119,50,70,8.50,49.79,239,2023
587,18,Lima B.,ARG,119,34,73,9.15,52.65,226,2023
588,19,Maar,CAN,117,41,124,9.75,41.49,282,2023
589,20,Miyaura,JPN,116,42,50,7.73,55.77,208,2023
590,21,Michieletto,ITA,115,25,90,10.45,50.00,230,2023
591,22,A. Nikolov,BUL,114,25,86,14.25,50.67,225,2023
592,22,Sclater,CAN,114,35,93,9.50,47.11,242,2023
593,23,Vicentin,ARG,112,47,131,8.62,38.62,290,2023
594,24,Leon,POL,109,23,86,9.91,50.00,218,2023
595,25,Lavia,ITA,108,22,140,9.82,40.00,270,2023
596,26,Reichert,GER,104,43,91,8.67,43.70,238,2023
597,27,Loser Bruno,ARG,103,11,47,7.92,63.98,161,2023
598,27,Van Garderen,NED,103,37,90,8.58,44.78,230,2023
599,28,Atanasov,BUL,100,33,69,8.33,49.50,202,2023
600,29,Amin,IRI,96,31,69,12.00,48.98,196,2023
601,30,Jiang C.,CHN,94,50,67,7.83,44.55,211,2023
602,31,Brehme,GER,93,17,42,7.75,61.18,152,2023
603,32,Tillie,FRA,86,35,67,9.56,45.74,188,2023
604,32,Clevenot,FRA,86,23,82,9.56,45.03,191,2023
605,33,Yant,CUB,85,26,69,7.08,47.22,180,2023
606,34,Morteza,IRI,84,30,67,7.64,46.41,181,2023
607,34,Hoag,CAN,84,31,84,7.00,42.21,199,2023
608,34,Russell,USA,84,24,77,6.00,45.41,185,2023
609,35,Yu Y.T.,CHN,83,23,57,6.92,50.92,163,2023
610,36,Kukartsev,ARG,81,30,77,6.23,43.09,188,2023
611,37,Szwarc,CAN,80,33,46,6.67,50.31,159,2023
612,37,Jaeschke,USA,80,20,71,7.27,46.78,171,2023
613,38,Onodera,JPN,78,9,44,5.20,59.54,131,2023
614,39,Honorato,BRA,77,31,75,5.92,42.08,183,2023
615,40,Kurek,POL,76,30,54,6.91,47.50,160,2023
616,41,Kaczmarek,POL,74,11,47,10.57,56.06,132,2023
617,41,Śliwka,POL,74,12,43,10.57,57.36,129,2023
618,42,Asparuhov,BUL,71,22,68,5.92,44.10,161,2023
619,43,Chinenyeze,FRA,70,12,33,7.78,60.87,115,2023
620,44,Dimitrov,BUL,69,37,80,5.75,37.10,186,2023
621,44,Tuinstra,NED,69,34,58,5.75,42.86,161,2023
622,45,Carle,FRA,68,21,52,5.23,48.23,141,2023
623,45,Patry,FRA,68,21,61,7.56,45.33,150,2023
624,46,Concepcion,CUB,67,13,29,5.58,61.47,109,2023
625,47,Pajenk,SLO,66,10,40,5.08,56.90,116,2023
626,48,Krsmanović,SRB,64,14,26,5.33,61.54,104,2023
627,49,Perić,SRB,62,23,62,5.17,42.18,147,2023
628,50,Nedeljković,SRB,61,6,27,5.08,64.89,94,2023
629,50,Faure,FRA,61,24,38,15.25,49.59,123,2023
630,51,Bultor,FRA,59,6,23,4.54,67.05,88,2023
631,51,Russo,ITA,59,9,33,5.36,58.42,101,2023
632,52,Yamauchi,JPN,58,13,38,3.87,53.21,109,2023
633,52,Ivović,SRB,58,28,64,7.25,38.67,150,2023
634,53,Demyanenko,CAN,57,11,24,4.75,61.96,92,2023
635,53,Plak,NED,57,13,39,4.75,52.29,109,2023
636,53,Boyer,FRA,57,18,49,6.33,45.97,124,2023
637,54,Bieniek,POL,56,12,29,5.09,57.73,97,2023
638,54,Flavio,BRA,56,7,28,4.31,61.54,91,2023
639,55,Poriya,IRI,55,21,36,5.50,49.11,112,2023
640,55,Kozamernik,SLO,55,8,34,4.23,56.70,97,2023
641,56,Szalpuk,POL,54,21,37,6.75,48.21,112,2023
642,57,Grozdanov,BUL,53,14,30,4.42,54.64,97,2023
643,57,Seyed,IRI,53,18,31,4.42,51.96,102,2023
644,57,Holt,USA,53,7,23,3.53,63.86,83,2023
645,58,Hajipour,IRI,52,25,45,4.73,42.62,122,2023
646,59,Zhai D.J.,CHN,50,28,61,4.17,35.97,139,2023
647,60,Li Y.Z.,CHN,49,9,23,4.08,60.49,81,2023
648,61,Esfandiar,IRI,48,28,55,4.00,36.64,131,2023
649,62,Rinaldi,ITA,47,15,47,3.13,43.12,109,2023
650,62,Masso,CUB,47,16,18,3.92,58.02,81,2023
651,62,Otávio,BRA,47,5,18,3.62,67.14,70,2023
652,63,Peng S.K.,CHN,46,11,29,3.83,53.49,86,2023
653,63,Mohammad,IRI,46,9,27,3.83,56.10,82,2023
654,63,Semeniuk,POL,46,15,44,4.18,43.81,105,2023
655,63,Ter Maat,NED,46,17,21,5.75,54.76,84,2023
656,63,Galassi,ITA,46,4,28,4.18,58.97,78,2023
657,64,Judson,BRA,45,4,13,3.46,72.58,62,2023
658,64,Kochanowski,POL,45,2,17,4.09,70.31,64,2023
659,65,Z. Štern,SLO,44,7,35,3.38,51.16,86,2023
660,66,Averill,USA,43,2,15,2.87,71.67,60,2023
661,67,Kolev,BUL,41,5,19,3.42,63.08,65,2023
662,67,Smith,USA,41,6,26,2.73,56.16,73,2023
663,67,Böhme,GER,41,13,34,3.42,46.59,88,2023
664,68,Zerba,ARG,40,4,31,3.08,53.33,75,2023
665,68,Röhrs,GER,40,16,27,5.00,48.19,83,2023
666,68,Krick,GER,40,9,17,3.33,60.61,66,2023
667,68,Bednorz,POL,40,13,32,3.64,47.06,85,2023
668,69,Huber,POL,39,8,18,3.55,60.00,65,2023
669,70,Bottolo,ITA,37,13,24,3.36,50.00,74,2023
670,71,Karyagin,BUL,36,9,37,3.00,43.90,82,2023
671,72,Mergarejo,CUB,34,11,49,2.83,36.17,94,2023
672,72,Jorna,NED,34,23,50,2.83,31.78,107,2023
673,72,Wiltenburg,NED,34,5,20,2.83,57.63,59,2023
674,73,Abouba,BRA,33,10,19,8.25,53.23,62,2023
675,73,Louati,FRA,33,14,41,3.67,37.50,88,2023
676,73,Saadat,IRI,33,16,23,8.25,45.83,72,2023
677,74,Butryn,POL,32,16,24,8.00,44.44,72,2023
678,74,Lucas,BRA,32,7,26,3.56,49.23,65,2023
679,74,Roque,BRA,32,5,17,3.56,59.26,54,2023
680,75,Eshenko,CAN,31,3,16,2.58,62.00,50,2023
681,75,Otsuka,JPN,31,9,27,2.21,46.27,67,2023
682,76,Van Berkel,CAN,30,3,23,2.50,53.57,56,2023
683,76,Jendryk,USA,30,1,23,2.00,55.56,54,2023
684,76,Adriano,BRA,30,13,30,2.31,41.10,73,2023
685,76,Brand,GER,30,9,26,2.50,46.15,65,2023
686,76,Fornal,POL,30,9,29,4.29,44.12,68,2023
687,77,Muagututia,USA,28,7,23,2.55,48.28,58,2023
688,77,Fromm,GER,28,11,19,7.00,48.28,58,2023
689,78,Kłos,POL,27,1,14,3.38,64.29,42,2023
690,78,Hanes,USA,27,12,24,2.45,42.86,63,2023
691,78,Giannelli,ITA,27,6,15,2.45,56.25,48,2023
692,79,Dulski,POL,26,9,14,6.50,53.06,49,2023
693,80,Wang B.,CHN,25,9,13,2.08,53.19,47,2023
694,80,Martinez Franchi,ARG,25,2,38,1.92,38.46,65,2023
695,81,Krage,GER,23,6,12,1.92,56.10,41,2023
696,82,Wang D.C.,CHN,21,6,19,1.75,45.65,46,2023
697,82,Schott,GER,21,17,26,1.75,32.81,64,2023
698,82,Cooper,CAN,21,9,19,2.62,42.86,49,2023
699,83,Jouffroy,FRA,20,7,12,1.54,51.28,39,2023
700,83,Le Goff,FRA,20,3,9,4.00,62.50,32,2023
701,84,Kentaro,JPN,19,2,9,1.27,63.33,30,2023
702,85,Ramos,ARG,18,0,12,1.38,60.00,30,2023
703,85,Hofer,CAN,18,8,24,1.50,36.00,50,2023
704,85,Vucicevic,SRB,18,13,13,1.50,40.91,44,2023
705,86,J.Manavi,IRI,17,9,13,4.25,43.59,39,2023
706,86,Mosca,ITA,17,3,6,1.55,65.38,26,2023
707,86,M. Elser,CAN,17,6,22,1.42,37.78,45,2023
708,87,Shahrooz,IRI,16,3,9,1.33,57.14,28,2023
709,88,Gotsev,BUL,15,4,12,1.25,48.39,31,2023
710,88,Bołądź,POL,15,7,7,3.75,51.72,29,2023
711,89,Gallego,ARG,14,2,14,1.08,46.67,30,2023
712,90,N. Penchev,BUL,13,6,17,1.62,36.11,36,2023
713,90,Javad,IRI,13,0,9,1.08,59.09,22,2023
714,90,Szymanski,POL,13,5,6,3.25,54.17,24,2023
715,90,Anzani,ITA,13,0,4,3.25,76.47,17,2023
716,91,Petkov,BUL,12,1,9,1.00,54.55,22,2023
717,91,Jelveh,IRI,12,3,9,1.00,50.00,24,2023
718,91,Sanguinetti,ITA,12,2,5,1.09,63.16,19,2023
719,91,Keemink,NED,12,0,3,1.00,80.00,15,2023
720,92,Kessel,USA,11,3,3,1.38,64.71,17,2023
721,92,Ter Horst,NED,11,7,11,1.38,37.93,29,2023
722,93,Armoa Morel,ARG,10,6,6,0.77,45.45,22,2023
723,93,Pedroso,CUB,10,5,8,0.83,43.48,23,2023
724,93,Kaliberda,GER,10,9,12,0.83,32.26,31,2023
725,94,Tomita,JPN,9,0,6,0.60,60.00,15,2023
726,94,Gutierrez,CUB,9,0,8,0.75,52.94,17,2023
727,95,Porro P.,ITA,8,0,1,2.00,88.89,9,2023
728,95,Brizard,FRA,8,2,9,0.89,42.11,19,2023
729,96,De Cecco,ARG,7,1,6,0.78,50.00,14,2023
730,96,Katic,SRB,7,7,17,0.88,22.58,31,2023
731,96,Urbanowicz,POL,7,3,3,0.88,53.85,13,2023
732,97,Zhang G.H.,CHN,6,2,5,0.75,46.15,13,2023
733,97,Taboada,CUB,6,4,3,0.50,46.15,13,2023
734,97,Kök,SLO,6,6,7,0.46,31.58,19,2023
735,97,Ropret,SLO,6,2,10,0.46,33.33,18,2023
736,97,Todorović,SRB,6,0,6,0.50,50.00,12,2023
737,97,Christenson,USA,6,2,13,0.40,28.57,21,2023
738,97,Maase,GER,6,1,5,0.75,50.00,12,2023
739,98,Wang H.B.,CHN,5,2,7,0.42,35.71,14,2023
740,98,Recine,ITA,5,4,9,1.25,27.78,18,2023
741,98,Cortesia,ITA,5,1,2,1.25,62.50,8,2023
742,98,Štalekar,SLO,5,1,4,0.38,50.00,10,2023
743,98,Ensing,USA,5,7,5,0.62,29.41,17,2023
744,98,Ma'a,USA,5,1,3,0.45,55.56,9,2023
745,98,Bruno,BRA,5,0,6,0.38,45.45,11,2023
746,98,Arthur,BRA,5,2,2,0.62,55.56,9,2023
747,98,Parkinson,NED,5,1,6,1.25,41.67,12,2023
748,98,Adamczyk,POL,5,2,2,1.25,55.56,9,2023
749,98,V. Bratoev,BUL,5,5,7,1.25,29.41,17,2023
750,99,Gironi,ITA,3,3,7,0.27,23.08,13,2023
751,99,Corre,FRA,3,2,2,0.75,42.86,7,2023
752,99,Mašulović N.,SRB,3,1,2,0.38,50.00,6,2023
753,99,Toniutti,FRA,3,0,1,0.60,75.00,4,2023
754,99,Nishiyama,JPN,3,3,1,1.00,42.86,7,2023
755,100,Seganov,BUL,2,5,8,0.17,13.33,15,2023
756,100,Sekita,JPN,2,0,4,0.13,33.33,6,2023
757,100,Vadi,IRI,2,2,4,0.25,25.00,8,2023
758,100,Herr,CAN,2,1,1,0.17,50.00,4,2023
759,100,Łomacz,POL,2,0,0,0.13,100.00,2,2023
760,100,Sawicki,POL,2,2,3,0.50,28.57,7,2023
761,100,Firlej,POL,2,0,1,0.25,66.67,3,2023
762,100,Korenblek,NED,2,0,0,0.17,100.00,2,2023
763,100,Kampa,GER,2,0,0,0.25,100.00,2,2023
764,100,S.Ivanov,BUL,2,4,4,0.50,20.00,10,2023
765,100,Larry,JPN,2,1,2,0.40,40.00,5,2023
766,100,Leal,BRA,2,0,2,2.00,50.00,4,2023
767,101,Zelayeta,ARG,1,0,0,0.08,100.00,1,2023
768,101,Schnitzer,CAN,1,0,1,0.25,50.00,2,2023
769,101,Thondike,CUB,1,2,8,0.08,9.09,11,2023
770,101,Pothron,FRA,1,2,0,0.12,33.33,3,2023
771,101,Henno,FRA,1,0,1,0.25,50.00,2,2023
772,101,Fernando,BRA,1,0,2,0.08,33.33,3,2023
773,101,Tille,GER,1,2,1,0.08,25.00,4,2023
774,101,Tuaniga,USA,1,0,1,0.25,50.00,2,2023
775,101,Mujanović,SLO,1,0,0,0.11,100.00,1,2023
776,101,Kovačević,SRB,1,7,3,0.25,9.09,11,2023
777,101,A. Ramezani,IRI,1,0,1,0.25,50.00,2,2023
778,101,A. Afshinfar,IRI,1,2,2,0.25,20.00,5,2023
779,102,G. Bratoev,BUL,0,0,0,,,0,2023
780,102,Bozhilov,BUL,0,0,0,,,0,2023
781,102,Dobrev,BUL,0,0,0,,,0,2023
782,102,Guo C.,CHN,0,0,1,0.00,0.00,1,2023
783,102,Liu M.,CHN,0,0,0,,,0,2023
784,102,Chen J.J.,CHN,0,0,0,,,0,2023
785,102,Qu Z.S.,CHN,0,0,0,,,0,2023
786,102,Fukatsu,JPN,0,0,1,0.00,0.00,1,2023
787,102,Ogawa,JPN,0,0,0,,,0,2023
788,102,Yamamoto,JPN,0,0,0,,,0,2023
789,102,Kai,JPN,0,0,0,,,0,2023
790,102,Hazrat,IRI,0,0,0,,,0,2023
791,102,Arman,IRI,0,0,0,,,0,2023
792,102,Falaschi,ITA,0,0,0,,,0,2023
793,102,Balaso,ITA,0,0,0,,,0,2023
794,102,Gardini,ITA,0,0,0,,,0,2023
795,102,Vitelli,ITA,0,1,3,0.00,0.00,4,2023
796,102,Federici,ITA,0,0,0,,,0,2023
797,102,Sanchez Pages,ARG,0,0,1,0.00,0.00,1,2023
798,102,Danani,ARG,0,0,0,,,0,2023
799,102,Blankenau,CAN,0,0,1,0.00,0.00,1,2023
800,102,Lui,CAN,0,0,0,,,0,2023
801,102,Currie,CAN,0,0,0,,,0,2023
802,102,Roman Garcia,CUB,0,0,0,,,0,2023
803,102,Goide,CUB,0,0,0,,,0,2023
804,102,J. Gutierrez,CUB,0,1,1,0.00,0.00,2,2023
805,102,Gorguet,CUB,0,0,0,,,0,2023
806,102,Planinšič,SLO,0,0,2,0.00,0.00,2,2023
807,102,Toman,SLO,0,0,0,,,0,2023
808,102,Bračko,SLO,0,0,0,,,0,2023
809,102,Koncilja,SLO,0,0,0,,,0,2023
810,102,Kovačič,SLO,0,0,0,,,0,2023
811,102,Kapur,SRB,0,0,0,,,0,2023
812,102,Mašulović V.,SRB,0,0,2,0.00,0.00,2,2023
813,102,Batak,SRB,0,0,1,0.00,0.00,1,2023
814,102,Gajović,SRB,0,0,0,,,0,2023
815,102,Krsteski,SRB,0,0,0,,,0,2023
816,102,Petrović,SRB,0,1,0,0.00,0.00,1,2023
817,102,Szymura,POL,0,0,0,,,0,2023
818,102,Hawryluk,POL,0,0,0,,,0,2023
819,102,Poręba,POL,0,0,0,,,0,2023
820,102,Motta Paes,FRA,0,0,0,,,0,2023
821,102,Henry,FRA,0,0,0,,,0,2023
822,102,Diez,FRA,0,0,0,,,0,2023
823,102,Basic,FRA,0,0,0,,,0,2023
824,102,Loubeyre,FRA,0,0,0,,,0,2023
825,102,Roehrig,FRA,0,0,0,,,0,2023
826,102,E. Shoji,USA,0,0,0,,,0,2023
827,102,Van Der Ent,NED,0,0,0,,,0,2023
828,102,Meijs,NED,0,1,2,0.00,0.00,3,2023
829,102,Andringa,NED,0,0,0,,,0,2023
830,102,Bak,NED,0,0,0,,,0,2023
831,102,Wijkstra,NED,0,1,1,0.00,0.00,2,2023
832,102,Lipke,NED,0,0,0,,,0,2023
833,102,Maique,BRA,0,0,0,,,0,2023
834,102,Thales,BRA,0,0,0,,,0,2023
835,102,Thiery,BRA,0,0,0,,,0,2023
836,102,Graven,GER,0,0,0,,,0,2023
837,102,Walsh,CAN,0,0,0,,,0,2023
838,102,Salehi,IRI,0,1,1,0.00,0.00,2,2023
839,102,Zimmermann,GER,0,0,0,,,0,2023
840,102,Günthör,GER,0,0,0,,,0,2023
841,102,Dagostino,USA,0,0,0,,,0,2023
842,102,Giraudo,ARG,0,1,0,0.00,0.00,1,2023
843,102,Yang Y.M.,CHN,0,0,0,,,0,2023
844,102,Chen L.Y.,CHN,0,0,0,,,0,2023
845,102,Salparov,BUL,0,0,0,,,0,2023
846,102,Raev,BUL,0,0,0,,,0,2023
847,102,Sbertoli,ITA,0,0,0,,,0,2023
848,102,Scanferla,ITA,0,0,0,,,0,2023
849,102,Caneschi,ITA,0,0,0,,,0,2023
850,102,Magalini,ITA,0,0,1,0.00,0.00,1,2023
851,102,Zatorski,POL,0,0,0,,,0,2023
852,102,Grebennikov,FRA,0,0,0,,,0,2023
853,102,Huetz,FRA,0,0,0,,,0,2023
854,102,Vaccari,BRA,0,0,1,0.00,0.00,1,2023
855,102,Piccinelli,ITA,0,0,0,,,0,2023
856,102,Sala,ITA,0,0,1,0.00,0.00,1,2023
857,102,Eiro,JPN,0,0,0,,,0,2023
858,102,Rao S.H.,CHN,0,0,0,,,0,2023
859,102,Podraščanin,SRB,0,0,0,,,0,2023
860,102,M.R.Moazzen,IRI,0,0,0,,,0,2023
861,102,Popiwczak,POL,0,0,0,,,0,2023
862,102,Janusz,POL,0,0,2,0.00,0.00,2,2023
863,102,K. Russell,USA,0,0,0,,,0,2023
864,102,Daneshdoust,IRI,0,0,0,,,0,2023
865,1,T. Štern,SLO,265,68,153,17.67,54.53,486,2024
866,2,Nimir,NED,235,81,138,19.58,51.76,454,2024
867,3,Maar,CAN,194,59,150,14.92,48.14,403,2024
868,4,Čebulj,SLO,179,63,149,11.93,45.78,391,2024
869,5,Yant,CUB,167,49,98,13.92,53.18,314,2024
870,5,Amin,IRI,167,49,121,13.92,49.55,337,2024
871,6,Patry,FRA,164,41,123,10.93,50.00,328,2024
872,7,Loeppky,CAN,157,37,145,12.08,46.31,339,2024
873,8,Nishida,JPN,156,41,88,10.40,54.74,285,2024
874,9,Ishikawa,JPN,155,49,96,14.09,51.67,300,2024
875,10,Lima B.,ARG,154,60,90,11.85,50.66,304,2024
876,10,Lopez,CUB,154,54,94,12.83,50.99,302,2024
877,11,Van Garderen,NED,146,54,125,12.17,44.92,325,2024
878,12,Clevenot,FRA,142,29,93,10.14,53.79,264,2024
879,13,Darlan,BRA,141,52,89,10.85,50.00,282,2024
880,14,Luburić,SRB,139,37,74,11.58,55.60,250,2024
881,15,Mandıracı,TUR,133,34,119,12.09,46.50,286,2024
882,15,Urnaut,SLO,133,57,133,8.87,41.18,323,2024
883,16,Szwarc,CAN,129,43,80,9.92,51.19,252,2024
884,17,Louati,FRA,124,47,91,8.27,47.33,262,2024
885,18,Palonsky,ARG,121,34,114,9.31,44.98,269,2024
886,19,Lucarelli,BRA,114,30,83,10.36,50.22,227,2024
887,20,Faure,FRA,109,21,69,7.27,54.77,199,2024
888,20,Leal,BRA,109,28,74,9.91,51.66,211,2024
889,21,Brand,GER,107,33,89,8.92,46.72,229,2024
890,22,Conte,ARG,101,28,82,7.77,47.87,211,2024
891,23,Karlitzek,GER,98,36,74,12.25,47.12,208,2024
892,24,Concepcion,CUB,96,15,40,8.00,63.58,151,2024
893,24,Defalco,USA,96,29,56,12.00,53.04,181,2024
894,25,A. Lagumdzija,TUR,94,46,82,7.83,42.34,222,2024
895,25,Michieletto,ITA,94,21,82,11.75,47.72,197,2024
896,26,Gürbüz,TUR,93,31,86,7.75,44.29,210,2024
897,26,Sánchez B.,CUB,93,30,69,7.75,48.44,192,2024
898,27,Milad,IRI,92,46,101,7.67,38.49,239,2024
899,28,Tatarov,BUL,88,36,96,7.33,40.00,220,2024
900,29,Miyaura,JPN,87,42,80,5.80,41.63,209,2024
901,30,Romanò,ITA,86,28,59,10.75,49.71,173,2024
902,31,Ivović,SRB,85,38,50,7.08,49.13,173,2024
903,32,Dimitrov,BUL,83,41,64,6.92,44.15,188,2024
904,33,Alan,BRA,81,28,68,6.23,45.76,177,2024
905,34,Reichert,GER,78,21,67,9.75,46.99,166,2024
906,35,Pajenk,SLO,77,10,36,5.50,62.60,123,2024
907,36,Loser Bruno,ARG,75,15,42,5.77,56.82,132,2024
908,37,Asparuhov,BUL,74,37,88,6.17,37.19,199,2024
909,37,Poriya,IRI,74,25,50,6.17,49.66,149,2024
910,37,Kurek,POL,74,22,50,7.40,50.68,146,2024
911,38,Kozamernik,SLO,73,18,32,4.87,59.35,123,2024
912,39,Otsuka,JPN,70,28,79,5.38,39.55,177,2024
913,39,Anderson,USA,70,18,97,8.75,37.84,185,2024
914,40,Lavia,ITA,69,17,71,8.62,43.95,157,2024
915,40,Kujundžić,SRB,69,17,46,5.75,52.27,132,2024
916,41,Parkinson,NED,66,7,31,5.50,63.46,104,2024
917,42,Bovolenta,ITA,65,22,44,5.00,49.62,131,2024
918,42,Salehi,IRI,65,20,43,5.91,50.78,128,2024
919,43,Bołądź,POL,63,17,27,6.30,58.88,107,2024
920,43,Maase,GER,63,19,37,5.25,52.94,119,2024
921,43,Leon,POL,63,7,35,9.00,60.00,105,2024
922,44,Zerba,ARG,62,9,44,4.77,53.91,115,2024
923,45,Tillie,FRA,61,23,60,4.07,42.36,144,2024
924,45,Bednorz,POL,61,15,29,4.36,58.10,105,2024
925,45,Porro L.,ITA,61,15,45,4.69,50.41,121,2024
926,46,Semeniuk,POL,60,17,49,4.29,47.62,126,2024
927,47,Le Goff,FRA,59,13,35,3.93,55.14,107,2024
928,47,Lucas,BRA,59,14,32,5.36,56.19,105,2024
929,47,Śliwka,POL,59,12,49,4.21,49.17,120,2024
930,47,Morteza,IRI,59,28,33,5.36,49.17,120,2024
931,47,Atanasijević,SRB,59,25,31,4.92,51.30,115,2024
932,47,Fornal,POL,59,16,37,5.36,52.68,112,2024
933,48,Grozdanov,BUL,58,16,36,4.83,52.73,110,2024
934,48,Petkov,BUL,58,13,27,4.83,59.18,98,2024
935,48,Simón,CUB,58,10,16,4.83,69.05,84,2024
936,49,Onodera,JPN,57,10,29,3.80,59.38,96,2024
937,49,Flavio,BRA,57,7,26,4.75,63.33,90,2024
938,50,McCarthy,CAN,56,11,24,4.31,61.54,91,2024
939,50,Kai,JPN,56,27,47,3.73,43.08,130,2024
940,51,Perić,SRB,54,17,54,4.50,43.20,125,2024
941,52,Kovačević,SRB,53,33,36,4.42,43.44,122,2024
942,52,Ran,JPN,53,14,41,10.60,49.07,108,2024
943,53,Bayram,TUR,52,21,55,4.33,40.62,128,2024
944,53,Hanes,USA,52,13,30,7.43,54.74,95,2024
945,53,Ewert,USA,52,22,60,6.50,38.81,134,2024
946,53,Kochanowski,POL,52,5,19,3.47,68.42,76,2024
947,53,Bottolo,ITA,52,16,31,10.40,52.53,99,2024
948,54,Seddik,FRA,49,11,26,3.27,56.98,86,2024
949,55,Yamauchi,JPN,48,9,31,3.20,54.55,88,2024
950,55,Nedeljković,SRB,48,7,24,4.00,60.76,79,2024
951,56,Van Berkel,CAN,46,2,20,3.54,67.65,68,2024
952,56,Huber,POL,46,5,17,4.18,67.65,68,2024
953,57,Bedirhan,TUR,45,7,30,3.75,54.88,82,2024
954,57,Vicentin,ARG,45,24,56,3.46,36.00,125,2024
955,57,Adriano,BRA,45,15,31,3.75,49.45,91,2024
956,57,Mohammad,IRI,45,13,34,3.75,48.91,92,2024
957,58,M. Lagumdzija,TUR,44,24,62,3.67,33.85,130,2024
958,59,Grozer,GER,43,21,37,5.38,42.57,101,2024
959,60,Karyagin,BUL,42,28,38,3.50,38.89,108,2024
960,61,Masso,CUB,40,12,23,3.33,53.33,75,2024
961,62,Galassi,ITA,38,2,20,4.75,63.33,60,2024
962,62,Jaeschke,USA,38,6,29,9.50,52.05,73,2024
963,63,Kukartsev,ARG,37,8,26,2.85,52.11,71,2024
964,63,Russo,ITA,37,7,16,4.62,61.67,60,2024
965,64,Wassenaar Ketrzynski,CAN,35,12,27,2.69,47.30,74,2024
966,64,Holt,USA,35,5,21,5.00,57.38,61,2024
967,65,John,GER,34,11,25,8.50,48.57,70,2024
968,65,Krsmanović,SRB,34,4,14,2.83,65.38,52,2024
969,65,Krick,GER,34,3,17,4.25,62.96,54,2024
970,66,Kentaro,JPN,33,3,20,2.36,58.93,56,2024
971,66,Krage,GER,33,4,11,2.75,68.75,48,2024
972,67,Averill,USA,31,2,17,3.88,62.00,50,2024
973,67,Antov,BUL,31,5,16,7.75,59.62,52,2024
974,67,Bieniek,POL,31,0,18,5.17,63.27,49,2024
975,68,Ter Horst,NED,30,8,31,7.50,43.48,69,2024
976,68,Moslehabadi,IRI,30,9,10,2.73,61.22,49,2024
977,69,Matić,TUR,29,2,11,2.42,69.05,42,2024
978,70,Plak,NED,28,14,18,2.33,46.67,60,2024
979,71,Tomita,JPN,27,18,39,2.08,32.14,84,2024
980,72,S. Nikolov,BUL,26,11,22,2.17,44.07,59,2024
981,72,Podraščanin,SRB,26,8,21,2.17,47.27,55,2024
982,72,Carle,FRA,26,12,21,2.00,44.07,59,2024
983,73,Ter Maat,NED,25,16,26,2.08,37.31,67,2024
984,73,Fromm,GER,25,12,26,2.08,39.68,63,2024
985,73,Böhme,GER,25,16,24,3.12,38.46,65,2024
986,73,L. Bergmann,BRA,25,2,16,2.78,58.14,43,2024
987,73,Kaczmarek,POL,25,15,34,3.12,33.78,74,2024
988,73,Russell,USA,25,8,19,6.25,48.08,52,2024
989,73,Mosca,ITA,25,8,4,5.00,67.57,37,2024
990,74,Brehme,GER,24,10,14,6.00,50.00,48,2024
991,74,Schott,GER,24,12,42,3.00,30.77,78,2024
992,75,Ramos,ARG,23,2,5,1.77,76.67,30,2024
993,75,Mergarejo,CUB,23,6,26,1.92,41.82,55,2024
994,75,Isac,BRA,23,3,14,2.09,57.50,40,2024
995,75,Sanguinetti,ITA,23,1,6,1.77,76.67,30,2024
996,75,Jelveh,IRI,23,3,13,1.92,58.97,39,2024
997,75,Jorna,NED,23,13,46,2.88,28.05,82,2024
998,76,Eshenko,CAN,21,3,10,1.75,61.76,34,2024
999,76,Poręba,POL,21,2,8,2.62,67.74,31,2024
1000,76,Giannelli,ITA,21,0,15,2.62,58.33,36,2024
1001,76,Jendryk,USA,21,2,26,2.62,42.86,49,2024
1002,76,Ensing,USA,21,10,23,2.62,38.89,54,2024
1003,77,Güneş,TUR,20,5,9,1.67,58.82,34,2024
1004,77,Knigge,USA,20,7,13,4.00,50.00,40,2024
1005,78,Bultor,FRA,19,3,9,1.58,61.29,31,2024
1006,78,Mauricio,BRA,19,6,17,1.58,45.24,42,2024
1007,79,Ngapeth,FRA,18,9,16,3.00,41.86,43,2024
1008,79,Demyanenko,CAN,18,3,11,1.38,56.25,32,2024
1009,79,Szalpuk,POL,18,2,12,4.50,56.25,32,2024
1010,79,Mašulović N.,SRB,18,4,13,1.50,51.43,35,2024
1011,79,Muagututia,USA,18,11,27,2.25,32.14,56,2024
1012,79,Gironi,ITA,18,4,9,3.60,58.06,31,2024
1013,80,Martinez Franchi,ARG,17,5,24,1.31,36.96,46,2024
1014,80,Gasman,USA,17,5,10,4.25,53.12,32,2024
1015,80,Kessel,USA,17,6,27,2.83,34.00,50,2024
1016,81,Garcia,USA,16,6,18,4.00,40.00,40,2024
1017,81,Butryn,POL,16,9,9,4.00,47.06,34,2024
1018,81,Anzani,ITA,16,0,8,2.00,66.67,24,2024
1019,82,Palacios,ARG,15,5,19,1.15,38.46,39,2024
1020,82,Larry,JPN,15,2,6,1.00,65.22,23,2024
1021,83,Štalekar,SLO,14,1,5,0.93,70.00,20,2024
1022,83,Jouffroy,FRA,14,2,11,1.08,51.85,27,2024
1023,84,Chinenyeze,FRA,13,3,7,6.50,56.52,23,2024
1024,84,Judson,BRA,13,4,8,1.86,52.00,25,2024
1025,84,Kłos,POL,13,2,6,2.17,61.90,21,2024
1026,85,Hoag,CAN,12,2,16,0.92,40.00,30,2024
1027,85,Thondike,CUB,12,4,20,1.00,33.33,36,2024
1028,85,Recine,ITA,12,5,14,0.92,38.71,31,2024
1029,85,Barbast,IRI,12,6,14,1.09,37.50,32,2024
1030,85,Ahyi,NED,12,3,7,1.50,54.55,22,2024
1031,86,De Cecco,ARG,11,1,12,0.85,45.83,24,2024
1032,86,Bračko,SLO,11,3,8,0.73,50.00,22,2024
1033,86,Champlin,USA,11,6,19,2.75,30.56,36,2024
1034,87,Valchinov,BUL,10,8,15,0.91,30.30,33,2024
1035,87,Koops,NED,10,8,14,0.83,31.25,32,2024
1036,88,Brizard,FRA,9,2,5,0.60,56.25,16,2024
1037,88,Smith,USA,9,5,4,1.29,50.00,18,2024
1038,89,Savaş,TUR,8,2,11,0.73,38.10,21,2024
1039,89,Subaşı,TUR,8,6,6,2.67,40.00,20,2024
1040,89,Vadi,IRI,8,1,14,0.67,34.78,23,2024
1041,89,Christenson,USA,8,2,9,1.00,42.11,19,2024
1042,90,Možič,SLO,7,2,9,1.75,38.89,18,2024
1043,91,Kolev,BUL,6,1,0,1.50,85.71,7,2024
1044,91,Garkov,BUL,6,6,3,0.75,40.00,15,2024
1045,91,Yenipazar,TUR,6,4,6,0.50,37.50,16,2024
1046,91,Wiltenburg,NED,6,1,4,0.50,54.55,11,2024
1047,91,Ropret,SLO,6,1,7,0.40,42.86,14,2024
1048,91,Kaliberda,GER,6,5,15,0.75,23.08,26,2024
1049,91,Jovović,SRB,6,1,5,0.50,50.00,12,2024
1050,91,Aydin,TUR,6,4,6,0.60,37.50,16,2024
1051,92,Nachev,BUL,5,0,3,0.42,62.50,8,2024
1052,92,Keemink,NED,5,4,4,0.42,38.46,13,2024
1053,92,Van Der Ent,NED,5,3,1,0.42,55.56,9,2024
1054,92,Nasri,IRI,5,2,2,0.62,55.56,9,2024
1055,93,Ekşi,TUR,4,0,2,1.00,66.67,6,2024
1056,93,Marshman,USA,4,1,4,1.00,44.44,9,2024
1057,93,Adamczyk,POL,4,3,0,1.00,57.14,7,2024
1058,93,Jakubiszak,POL,4,2,3,1.00,44.44,9,2024
1059,94,Alonso,CUB,3,2,4,0.25,33.33,9,2024
1060,94,Kampa,GER,3,2,1,0.38,50.00,6,2024
1061,94,Caneschi,ITA,3,1,2,0.60,50.00,6,2024
1062,95,Isaacson,USA,2,0,1,0.50,66.67,3,2024
1063,95,Łomacz,POL,2,1,1,0.20,50.00,4,2024
1064,95,Peter,GER,2,1,0,0.50,66.67,3,2024
1065,95,Tille,GER,2,2,3,0.25,28.57,7,2024
1066,95,Petrov,BUL,2,2,2,0.67,33.33,6,2024
1067,95,Stankov,BUL,2,0,1,0.25,66.67,3,2024
1068,95,Esfandiar,IRI,2,1,3,0.50,33.33,6,2024
1069,96,Herr,CAN,1,0,1,0.08,50.00,2,2024
1070,96,Barnes,CAN,1,0,0,0.08,100.00,1,2024
1071,96,Gallego,ARG,1,2,2,0.08,20.00,5,2024
1072,96,Fukatsu,JPN,1,0,0,0.07,100.00,1,2024
1073,96,Takanashi,JPN,1,3,10,0.25,7.14,14,2024
1074,96,Sekita,JPN,1,0,3,0.07,25.00,4,2024
1075,96,Camino,CUB,1,2,0,0.12,33.33,3,2024
1076,96,Fernando,BRA,1,0,6,0.08,14.29,7,2024
1077,96,Z. Štern,SLO,1,1,2,0.07,25.00,4,2024
1078,96,Mujanović,SLO,1,4,2,0.07,14.29,7,2024
1079,96,Tuaniga,USA,1,0,2,0.25,33.33,3,2024
1080,96,Wildman,USA,1,0,0,0.25,100.00,1,2024
1081,96,Wetter,USA,1,0,2,0.25,33.33,3,2024
1082,96,Zimmermann,GER,1,0,3,0.14,25.00,4,2024
1083,96,Sbertoli,ITA,1,1,1,0.08,33.33,3,2024
1084,96,Janusz,POL,1,0,1,0.10,50.00,2,2024
1085,96,Firlej,POL,1,1,3,0.25,20.00,5,2024
1086,96,Arshia,IRI,1,1,1,0.25,33.33,3,2024
1087,97,Bozhilov,BUL,0,0,0,,,0,2024
1088,97,D. Kolev,BUL,0,0,0,,,0,2024
1089,97,Telkiyski,BUL,0,0,0,,,0,2024
1090,97,Grebennikov,FRA,0,0,0,,,0,2024
1091,97,Toniutti,FRA,0,0,8,0.00,0.00,8,2024
1092,97,Diez,FRA,0,0,0,,,0,2024
1093,97,Döne,TUR,0,0,0,,,0,2024
1094,97,Hatipoğlu,TUR,0,0,0,,,0,2024
1095,97,Walsh,CAN,0,1,0,0.00,0.00,1,2024
1096,97,Lui,CAN,0,0,0,,,0,2024
1097,97,Currie,CAN,0,0,0,,,0,2024
1098,97,Sanchez Pages,ARG,0,0,0,,,0,2024
1099,97,Danani,ARG,0,0,0,,,0,2024
1100,97,Ogawa,JPN,0,0,0,,,0,2024
1101,97,Yamamoto,JPN,0,0,0,,,0,2024
1102,97,Roman Garcia,CUB,0,0,0,,,0,2024
1103,97,Taboada,CUB,0,0,1,0.00,0.00,1,2024
1104,97,Gorguet,CUB,0,0,0,,,0,2024
1105,97,Charles,CUB,0,0,0,,,0,2024
1106,97,Bruno,BRA,0,0,3,0.00,0.00,3,2024
1107,97,Honorato,BRA,0,0,0,,,0,2024
1108,97,Thales,BRA,0,0,0,,,0,2024
1109,97,Arthur,BRA,0,0,0,,,0,2024
1110,97,Klok,NED,0,0,0,,,0,2024
1111,97,Andringa,NED,0,0,0,,,0,2024
1112,97,De Weijer,NED,0,0,0,,,0,2024
1113,97,Bak,NED,0,0,0,,,0,2024
1114,97,Toman,SLO,0,0,0,,,0,2024
1115,97,Vinčić,SLO,0,0,0,,,0,2024
1116,97,Kovačič,SLO,0,0,0,,,0,2024
1117,97,Kržič,SLO,0,0,0,,,0,2024
1118,97,Dagostino,USA,0,0,0,,,0,2024
1119,97,Briggs,USA,0,0,0,,,0,2024
1120,97,Komenda,POL,0,1,1,0.00,0.00,2,2024
1121,97,Hawryluk,POL,0,0,0,,,0,2024
1122,97,Szymura,POL,0,0,0,,,0,2024
1123,97,Graven,GER,0,0,0,,,0,2024
1124,97,Kunstmann,GER,0,0,0,,,0,2024
1125,97,Goralik,GER,0,0,2,0.00,0.00,2,2024
1126,97,Burggräf,GER,0,0,0,,,0,2024
1127,97,Balaso,ITA,0,0,0,,,0,2024
1128,97,Laurenzano,ITA,0,0,0,,,0,2024
1129,97,Hazrat,IRI,0,0,0,,,0,2024
1130,97,Javad,IRI,0,0,0,,,0,2024
1131,97,Arman,IRI,0,0,0,,,0,2024
1132,97,Kapur,SRB,0,0,0,,,0,2024
1133,97,Ristić,SRB,0,0,0,,,0,2024
1134,97,Todorović,SRB,0,0,2,0.00,0.00,2,2024
1135,97,Marovt,SLO,0,0,0,,,0,2024
1136,97,Popiwczak,POL,0,0,0,,,0,2024
1137,97,Kartev,BUL,0,0,0,,,0,2024
1138,97,Ma'a,USA,0,0,2,0.00,0.00,2,2024
1139,97,E. Shoji,USA,0,0,0,,,0,2024
1140,97,Hofer,CAN,0,1,0,0.00,0.00,1,2024
1141,97,Bostan,TUR,0,0,1,0.00,0.00,1,2024
1142,97,Meijs,NED,0,0,0,,,0,2024
1143,97,Matheus G.,BRA,0,0,0,,,0,2024
1144,97,Sadati,IRI,0,0,0,,,0,2024
1145,97,Oya,JPN,0,0,0,,,0,2024
1146,97,Dobrev,BUL,0,0,0,,,0,2024
1147,97,Bardarov,BUL,0,0,0,,,0,2024
1148,97,Planinšič,SLO,0,0,0,,,0,2024
1149,97,Zenger,GER,0,0,0,,,0,2024
1150,97,Porro P.,ITA,0,0,0,,,0,2024
1151,97,Cortesia,ITA,0,0,0,,,0,2024
1152,97,Rinaldi,ITA,0,0,0,,,0,2024
1153,97,Gaggini,ITA,0,0,0,,,0,2024
1154,97,Zatorski,POL,0,0,0,,,0,2024
1155,97,Falaschi,ITA,0,0,0,,,0,2024
1156,97,Gardini,ITA,0,0,0,,,0,2024
1157,97,Aslan,TUR,0,0,0,,,0,2024
1158,97,Schnitzer,CAN,0,0,0,,,0,2024
